timestamp,x,y,z
2.02481E+12,0.01,1.01,-0.07
2.02481E+12,0.99,0.71,0.59
2.02481E+12,0.52,0.38,0.71
2.02481E+12,0.71,0.25,0.73
2.02481E+12,0.7,0.33,0.7
2.02481E+11,0.69,0.31,0.71
2.02481E+11,0.6,0.34,0.71
2.02481E+11,0.66,0.23,0.72
2.02481E+11,0.66,0.19,0.87
2.02481E+11,0.87,0.26,0.89
2.02481E+11,0.72,0.23,0.74
2.02481E+11,0.8,0.24,0.7
2.02481E+11,0.55,0.3,0.55
2.02481E+11,0.22,0.19,0.45
2.02481E+11,0.62,0.27,0.76
2.02481E+12,0.63,0.41,0.72
2.02481E+12,0.71,0.39,0.68
2.02481E+12,0.62,0.43,0.71
2.02481E+12,0.72,0.39,0.68
2.02481E+12,0.65,0.34,0.77
2.02481E+12,0.6,0.42,0.75
2.02481E+12,0.7,0.44,0.7
2.02481E+12,0.66,0.45,0.75
2.02481E+12,0.57,0.35,0.77
2.02481E+12,0.55,0.4,0.72
2.02481E+12,0.61,0.35,0.75
2.02481E+12,0.71,0.32,0.78
2.02481E+12,0.66,0.3,0.74
2.02481E+12,0.63,0.28,0.7
2.02481E+12,0.66,0.28,0.71
2.02481E+12,0.67,0.29,0.78
2.02481E+12,0.59,0.26,0.73
2.02481E+12,0.78,0.31,0.86
2.02481E+12,0.51,0.21,0.64
2.02481E+12,0.72,0.27,0.78
2.02481E+12,0.68,0.28,0.77
2.02481E+12,0.67,0.28,0.76
2.02481E+12,0.66,0.26,0.75
2.02481E+12,0.65,0.25,0.73
2.02481E+12,0.66,0.27,0.75
2.02481E+12,0.65,0.27,0.74
2.02481E+12,0.66,0.27,0.75
2.02481E+12,-0.05,0.05,0.14
2.02481E+12,0.92,0.33,0.89
2.02481E+12,0.68,0.26,0.73
2.02481E+12,0.64,0.28,0.73
2.02481E+12,1.08,0.24,0.93
2.02481E+12,1.06,0.32,0.98
2.02481E+12,0.44,0.25,0.55
2.02481E+12,0.77,0.31,0.82
2.02481E+12,0.75,0.29,0.76
2.02481E+12,0.62,0.3,0.67
2.02481E+12,0.73,0.31,0.77
2.02481E+12,1.19,0.37,0.91
2.02481E+12,1.27,0.34,0.89
2.02481E+12,0.4,0.2,0.51
2.02481E+12,0.74,0.3,0.76
2.02481E+12,0.75,0.32,0.74
2.02481E+12,0.62,0.26,0.67
2.02481E+12,0.74,0.31,0.75
2.02481E+12,0.68,0.32,0.68
2.02481E+12,0.69,0.3,0.71
2.02481E+12,0.7,0.3,0.72
2.02481E+12,0.69,0.32,0.69
2.02481E+12,0.7,0.32,0.71
2.02481E+11,0.68,0.29,0.7
2.02481E+11,0.7,0.31,0.71
2.02481E+11,0.69,0.32,0.69
2.02481E+11,0.69,0.31,0.7
2.02481E+11,0.69,0.3,0.7
2.02481E+11,0.69,0.31,0.7
2.02481E+11,0.69,0.31,0.7
2.02481E+11,0.69,0.3,0.7
2.02481E+11,0.69,0.3,0.7
2.02481E+11,0.69,0.31,0.7
2.02481E+12,0.69,0.31,0.7
2.02481E+12,0.69,0.3,0.7
2.02481E+12,0.69,0.31,0.7
2.02481E+12,0.69,0.31,0.7
2.02481E+12,1.25,0.37,0.94
2.02481E+12,0.26,0.22,0.28
2.02481E+12,1.08,0.37,0.89
2.02481E+12,0.87,0.34,0.82
2.02481E+12,0.66,0.32,0.61
2.02481E+12,0.72,0.32,0.69
2.02481E+12,0.78,0.33,0.75
2.02481E+12,0.7,0.33,0.65
2.02481E+12,0.62,0.34,0.48
2.02481E+12,1.12,0.36,0.95
2.02481E+12,0.7,0.33,0.66
2.02481E+12,0.62,0.3,0.61
2.02481E+12,0.76,0.33,0.72
2.02481E+12,0.73,0.35,0.68
2.02481E+12,0.69,0.31,0.67
2.02481E+12,0.73,0.33,0.7
2.02481E+12,0.71,0.34,0.66
2.02481E+12,0.77,0.33,0.7
2.02481E+12,0.66,0.32,0.65
2.02481E+12,0.74,0.34,0.66
2.02481E+12,0.73,0.33,0.72
2.02481E+12,0.71,0.31,0.68
2.02481E+12,0.72,0.34,0.67
2.02481E+12,0.79,0.37,0.78
2.02481E+12,0.45,0.3,0.51
2.02481E+12,0.44,0.24,0.53
2.02481E+12,0.8,0.34,0.67
2.02481E+12,0.64,0.29,0.65
2.02481E+12,0.64,0.25,0.58
2.02481E+12,0.58,0.25,0.46
2.02481E+12,0.26,0.22,0.42
2.02481E+12,0.66,0.36,0.63
2.02481E+12,0.68,0.33,0.55
2.02481E+12,0.82,0.36,0.7
2.02481E+12,0.76,0.36,0.65
2.02481E+12,0.71,0.34,0.6
2.02481E+12,0.72,0.35,0.59
2.02481E+12,0.4,0.27,0.39
2.02481E+12,0.79,0.35,0.65
2.02481E+12,0.84,0.37,0.69
2.02481E+12,0.77,0.38,0.59
2.02481E+12,1.04,0.42,0.63
2.02481E+12,0.73,0.31,0.55
2.02481E+12,0.8,0.35,0.68
2.02481E+12,0.76,0.36,0.63
2.02481E+12,0.54,0.33,0.5
2.02481E+11,0.5,0.27,0.37
2.02481E+11,0.77,0.36,0.57
2.02481E+11,1.3,0.43,0.81
2.02481E+11,0.69,0.39,0.58
2.02481E+11,0.74,0.4,0.58
2.02481E+11,0.73,0.4,0.59
2.02481E+11,0.24,0.21,0.35
2.02481E+11,0.92,0.4,0.73
2.02481E+11,2.03,0.47,0.99
2.02481E+11,0.83,0.29,0.67
2.02481E+12,0.35,0.27,0.41
2.02481E+12,0.04,0.12,0.3
2.02481E+12,0.11,0.12,0.39
2.02481E+12,0.6,0.29,0.57
2.02481E+12,1.31,0.48,0.81
2.02481E+12,1.74,0.47,0.96
2.02481E+12,1.9,0.45,1.03
2.02481E+12,1.25,0.4,1.01
2.02481E+12,0.33,0.29,0.41
2.02481E+12,0.73,0.34,0.56
2.02481E+12,0.28,0.21,0.3
2.02481E+12,0.62,0.26,0.62
2.02481E+12,0.54,0.29,0.42
2.02481E+12,0.83,0.36,0.57
2.02481E+12,0.91,0.39,0.65
2.02481E+12,1.37,0.48,1.09
2.02481E+12,1.61,0.43,0.9
2.02481E+12,0.36,0.27,0.32
2.02481E+12,0.23,0.17,0.32
2.02481E+12,0.34,0.25,0.37
2.02481E+12,0.79,0.37,0.59
2.02481E+12,0.65,0.34,0.48
2.02481E+12,0.44,0.26,0.35
2.02481E+12,0.52,0.34,0.38
2.02481E+12,0.67,0.34,0.46
2.02481E+12,1.08,0.44,0.72
2.02481E+12,0.69,0.34,0.46
2.02481E+12,1.04,0.43,0.66
2.02481E+12,0.59,0.25,0.39
2.02481E+12,0.19,0.19,0.21
2.02481E+12,1.14,0.44,0.74
2.02481E+12,1.16,0.4,0.73
2.02481E+12,0.42,0.28,0.38
2.02481E+12,1.31,0.43,0.78
2.02481E+12,0.58,0.29,0.41
2.02481E+12,0.8,0.4,0.57
2.02481E+12,1.2,0.46,0.7
2.02481E+12,0.54,0.32,0.37
2.02481E+12,0.67,0.34,0.45
2.02481E+12,0.7,0.36,0.45
2.02481E+12,0.59,0.28,0.43
2.02481E+12,1.79,0.46,0.92
2.02481E+12,0.71,0.38,0.42
2.02481E+12,1.14,0.47,0.71
2.02481E+12,0.79,0.31,0.48
2.02481E+12,0.45,0.32,0.29
2.02481E+12,1.46,0.46,0.86
2.02481E+12,0.35,0.27,0.29
2.02481E+12,0.82,0.31,0.54
2.02481E+12,0.31,0.21,0.27
2.02481E+11,0.72,0.31,0.65
2.02481E+11,0.24,0.22,0.24
2.02481E+11,0.84,0.33,0.53
2.02481E+11,0.65,0.35,0.53
2.02481E+11,0.82,0.38,0.44
2.02481E+11,0.24,0.21,0.17
2.02481E+11,1.71,0.45,0.93
2.02481E+11,0.17,0.23,0.21
2.02481E+11,0.77,0.39,0.71
2.02481E+11,0.69,0.34,0.5
2.02481E+12,0.48,0.25,0.35
2.02481E+12,0.3,0.2,0.47
2.02481E+12,0.75,0.37,0.5
2.02481E+12,0.61,0.37,0.54
2.02481E+12,0.91,0.41,0.62
2.02481E+12,0.77,0.37,0.53
2.02481E+12,0.75,0.38,0.52
2.02481E+12,0.8,0.38,0.54
2.02481E+12,0.85,0.39,0.58
2.02481E+12,0.93,0.39,0.69
2.02481E+12,1.29,0.44,0.66
2.02481E+12,1.11,0.36,0.5
2.02481E+12,0.85,0.4,0.57
2.02481E+12,0.75,0.4,0.51
2.02481E+12,0.8,0.4,0.54
2.02481E+12,0.8,0.41,0.48
2.02481E+12,1.28,0.49,0.67
2.02481E+12,1.15,0.49,0.68
2.02481E+12,0.86,0.34,0.6
2.02481E+12,0.8,0.42,0.61
2.02481E+12,0.96,0.4,0.68
2.02481E+12,0.45,0.37,0.4
2.02481E+12,0.96,0.41,0.6
2.02481E+12,0.96,0.43,0.61
2.02481E+12,0.78,0.39,0.51
2.02481E+12,0.7,0.41,0.44
2.02481E+12,0.64,0.43,0.49
2.02481E+12,0.73,0.35,0.48
2.02481E+12,0.77,0.39,0.51
2.02481E+12,0.83,0.43,0.55
2.02481E+12,0.82,0.4,0.54
2.02481E+12,0.64,0.39,0.47
2.02481E+12,0.81,0.35,0.58
2.02481E+12,1.04,0.44,0.6
2.02481E+12,0.91,0.41,0.54
2.02481E+12,0.85,0.39,0.53
2.02481E+12,0.79,0.38,0.54
2.02481E+12,1.14,0.38,0.7
2.02481E+12,0.89,0.42,0.55
2.02481E+12,0.44,0.35,0.29
2.02481E+12,0.75,0.33,0.46
2.02481E+12,0.75,0.44,0.39
2.02481E+12,0.88,0.39,0.57
2.02481E+12,0.76,0.35,0.44
2.02481E+12,0.83,0.39,0.54
2.02481E+12,0.77,0.35,0.55
2.02481E+12,0.81,0.38,0.52
2.02481E+12,0.73,0.39,0.49
2.02481E+12,0.82,0.39,0.52
2.02481E+12,0.74,0.38,0.51
2.02481E+11,0.77,0.39,0.49
2.02481E+11,0.59,0.33,0.45
2.02481E+11,0.84,0.38,0.57
2.02481E+11,1.01,0.38,0.6
2.02481E+11,0.76,0.39,0.47
2.02481E+11,1.1,0.42,0.67
2.02481E+11,0.88,0.39,0.51
2.02481E+11,1.01,0.39,0.62
2.02481E+11,0.76,0.37,0.48
2.02481E+11,0.76,0.35,0.5
2.02481E+12,0.82,0.37,0.53
2.02481E+12,0.85,0.39,0.53
2.02481E+12,0.82,0.37,0.53
2.02481E+12,0.8,0.38,0.51
2.02481E+12,0.82,0.37,0.53
2.02481E+12,0.82,0.38,0.53
2.02481E+12,0.81,0.38,0.52
2.02481E+12,0.8,0.36,0.52
2.02481E+12,0.88,0.3,0.6
2.02481E+12,1.03,0.42,0.62
2.02481E+12,0.54,0.29,0.27
2.02481E+12,0.76,0.28,0.59
2.02481E+12,0.84,0.35,0.58
2.02481E+12,0.98,0.59,0.59
2.02481E+12,0.94,0.33,0.71
2.02481E+12,0.83,0.4,0.52
2.02481E+12,0.65,0.28,0.43
2.02481E+12,0.75,0.33,0.5
2.02481E+12,0.72,0.33,0.5
2.02481E+12,0.65,0.28,0.47
2.02481E+12,1.11,0.4,0.73
2.02481E+12,0.92,0.39,0.65
2.02481E+12,0.81,0.4,0.51
2.02481E+12,0.93,0.37,0.6
2.02481E+12,1.03,0.35,0.79
2.02481E+12,0.63,0.34,0.47
2.02481E+12,1.04,0.38,0.68
2.02481E+12,0.67,0.31,0.47
2.02481E+12,0.81,0.34,0.62
2.02481E+12,0.91,0.37,0.62
2.02481E+12,0.81,0.33,0.57
2.02481E+12,0.83,0.34,0.54
2.02481E+12,0.86,-0.11,1.64
2.02481E+12,0.71,0.34,0.47
2.02481E+12,0.83,0.33,0.57
2.02481E+12,0.78,0.33,0.64
2.02481E+12,0.94,0.33,0.69
2.02481E+12,0.74,0.26,0.75
2.02481E+12,0.72,0.33,0.5
2.02481E+12,0.76,0.34,0.47
2.02481E+12,0.96,0.39,0.56
2.02481E+12,0.53,0.27,0.43
2.02481E+12,0.62,0.27,0.51
2.02481E+12,0.95,0.35,0.69
2.02481E+12,0.69,0.27,0.53
2.02481E+12,0.82,0.38,0.51
2.02481E+12,0.98,0.39,0.56
2.02481E+12,0.86,0.35,0.49
2.02481E+12,0.81,0.35,0.64
2.02481E+12,0.48,0.11,0.41
2.02481E+11,0.56,0.01,0.78
2.02481E+11,0.74,0.32,0.65
2.02481E+11,0.74,0.36,0.61
2.02481E+11,0.73,0.38,0.61
2.02481E+11,0.74,0.37,0.61
2.02481E+11,0.77,0.36,0.62
2.02481E+11,0.75,0.32,0.53
2.02481E+11,0.79,0.34,0.56
2.02481E+11,0.82,0.35,0.57
2.02481E+11,0.68,0.37,0.45
2.02481E+12,0.61,0.29,0.44
2.02481E+12,0.77,0.33,0.55
2.02481E+12,0.88,0.37,0.58
2.02481E+12,0.8,0.32,0.55
2.02481E+12,0.79,0.36,0.54
2.02481E+12,0.84,0.35,0.57
2.02481E+12,0.92,0.34,0.69
2.02481E+12,0.69,0.34,0.48
2.02481E+12,0.85,0.31,0.53
2.02481E+12,0.43,0.27,0.27
2.02481E+12,0.8,0.35,0.49
2.02481E+12,0.98,0.38,0.61
2.02481E+12,1.47,0.27,0.66
2.02481E+12,1.12,0.42,0.64
2.02481E+12,0.93,0.37,0.57
2.02481E+12,0.84,0.36,0.51
2.02481E+12,0.82,0.33,0.51
2.02481E+12,0.85,0.35,0.53
2.02481E+12,0.85,0.35,0.52
2.02481E+12,0.81,0.32,0.51
2.02481E+12,0.83,0.35,0.5
2.02481E+12,0.85,0.35,0.53
2.02481E+12,2.84,0.3,1.53
2.02481E+12,1.03,0.41,0.66
2.02481E+12,0.67,0.36,0.41
2.02481E+12,0.88,0.41,0.51
2.02481E+12,0.92,0.42,0.54
2.02481E+12,0.86,0.38,0.51
2.02481E+12,0.8,0.39,0.46
2.02481E+12,0.81,0.37,0.49
2.02481E+12,0.86,0.4,0.5
2.02481E+12,0.85,0.4,0.49
2.02481E+12,0.81,0.37,0.49
2.02481E+12,0.82,0.39,0.47
2.02481E+12,0.92,0.44,0.43
2.02481E+12,0.84,0.38,0.49
2.02481E+12,0.77,0.36,0.47
2.02481E+12,0.88,0.39,0.52
2.02481E+12,0.87,0.4,0.51
2.02481E+12,0.82,0.36,0.49
2.02481E+12,0.81,0.39,0.48
2.02481E+12,1.39,0.44,0.82
2.02481E+12,1.02,0.4,0.64
2.02481E+12,0.83,0.35,0.47
2.02481E+12,0.75,0.32,0.46
2.02481E+12,0.82,0.37,0.49
2.02481E+12,0.91,0.38,0.53
2.02481E+12,0.92,0.37,0.55
2.02481E+12,0.83,0.37,0.48
2.02481E+12,0.79,0.33,0.48
2.02481E+11,0.84,0.37,0.5
2.02481E+11,0.88,0.38,0.52
2.02481E+11,0.51,0.28,0.27
2.02481E+11,0.88,0.38,0.52
2.02481E+11,1,0.41,0.57
2.02481E+11,0.94,0.37,0.56
2.02481E+11,0.82,0.37,0.46
2.02481E+11,0.75,0.32,0.49
2.02481E+11,1.17,0.47,0.76
2.02481E+11,1.04,0.36,0.41
2.02481E+12,0.98,0.35,0.54
2.02481E+12,0.8,0.35,0.44
2.02481E+12,0.78,0.32,0.46
2.02481E+12,0.88,0.37,0.51
2.02481E+12,0.93,0.38,0.52
2.02481E+12,0.86,0.34,0.5
2.02481E+12,0.82,0.36,0.45
2.02481E+12,0.6,0.28,0.31
2.02481E+12,0.77,0.32,0.48
2.02481E+12,0.82,0.39,0.44
2.02481E+12,1.19,0.32,0.74
2.02481E+12,0.7,0.34,0.38
2.02481E+12,0.85,0.36,0.52
2.02481E+12,0.87,0.36,0.52
2.02481E+12,0.94,0.39,0.59
2.02481E+12,0.67,0.28,0.37
2.02481E+12,0.87,0.38,0.53
2.02481E+12,0.85,0.36,0.49
2.02481E+12,0.52,0.21,0.28
2.02481E+12,0.77,0.36,0.43
2.02481E+12,0.87,0.39,0.54
2.02481E+12,0.76,0.34,0.47
2.02481E+12,0.87,0.38,0.52
2.02481E+12,0.88,0.38,0.52
2.02481E+12,0.8,0.35,0.5
2.02481E+12,0.83,0.36,0.48
2.02481E+12,0.86,0.38,0.52
2.02481E+12,0.84,0.37,0.52
2.02481E+12,0.81,0.36,0.47
2.02481E+12,0.83,0.37,0.51
2.02481E+12,0.85,0.37,0.52
2.02481E+12,0.83,0.36,0.48
2.02481E+12,0.71,0.35,0.48
2.02481E+12,0.9,0.37,0.57
2.02481E+12,0.96,0.39,0.55
2.02481E+12,0.83,0.36,0.53
2.02481E+12,0.79,0.34,0.45
2.02481E+12,0.89,0.39,0.53
2.02481E+12,0.88,0.38,0.55
2.02481E+12,0.82,0.35,0.47
2.02481E+12,0.8,0.36,0.5
2.02481E+12,0.86,0.37,0.53
2.02481E+12,0.86,0.37,0.5
2.02481E+12,0.79,0.36,0.5
2.02481E+12,0.84,0.37,0.5
2.02481E+12,0.85,0.37,0.51
2.02481E+12,0.82,0.37,0.51
2.02481E+12,1.91,0.5,0.89
2.02481E+12,0.58,0.3,0.37
2.02481E+12,0.85,0.4,0.49
2.02481E+11,1.02,0.43,0.61
2.02481E+11,0.92,0.36,0.52
2.02481E+11,0.79,0.37,0.47
2.02481E+11,0.8,0.34,0.46
2.02481E+11,0.92,0.38,0.53
2.02481E+11,0.89,0.39,0.52
2.02481E+11,0.81,0.34,0.45
2.02481E+11,0.81,0.37,0.49
2.02481E+11,0.88,0.39,0.51
2.02481E+12,0.88,0.37,0.5
2.02481E+12,0.81,0.37,0.49
2.02481E+12,0.83,0.36,0.47
2.02481E+12,0.86,0.37,0.5
2.02481E+12,0.85,0.38,0.5
2.02481E+12,0.82,0.35,0.46
2.02481E+12,0.83,0.37,0.49
2.02481E+12,0.02,0.32,0.3
2.02481E+12,1.76,0.46,0.92
2.02481E+12,0.95,0.42,0.58
2.02481E+12,0.73,0.31,0.41
2.02481E+12,0.85,0.36,0.48
2.02481E+12,0.96,0.4,0.56
2.02481E+12,0.91,0.36,0.51
2.02481E+12,0.8,0.37,0.47
2.02481E+12,0.82,0.35,0.46
2.02481E+12,0.9,0.37,0.52
2.02481E+12,0.88,0.39,0.51
2.02481E+12,0.81,0.34,0.46
2.02481E+12,0.82,0.37,0.48
2.02481E+12,0.87,0.38,0.51
2.02481E+12,0.88,0.36,0.5
2.02481E+12,0.82,0.37,0.49
2.02481E+12,0.83,0.35,0.47
2.02481E+12,0.86,0.37,0.5
2.02481E+12,0.85,0.38,0.5
2.02481E+12,0.83,0.35,0.47
2.02481E+12,1.21,0.53,0.63
2.02481E+12,0.99,0.39,0.6
2.02481E+12,1.07,0.4,0.63
2.02481E+12,0.99,0.4,0.57
2.02481E+12,0.83,0.33,0.46
2.02481E+12,0.76,0.35,0.45
2.02481E+12,0.88,0.37,0.5
2.02481E+12,0.94,0.37,0.54
2.02481E+12,0.86,0.38,0.5
2.02481E+12,0.8,0.32,0.45
2.02481E+12,0.85,0.37,0.49
2.02481E+12,0.89,0.38,0.52
2.02481E+12,0.87,0.35,0.49
2.02481E+12,0.81,0.37,0.48
2.02481E+12,0.84,0.35,0.48
2.02481E+12,0.87,0.36,0.5
2.02481E+12,0.85,0.37,0.49
2.02481E+12,0.82,0.34,0.47
2.02481E+12,0.84,0.37,0.49
2.02481E+12,0.86,0.37,0.5
2.02481E+12,0.85,0.35,0.48
2.02481E+12,0.82,0.37,0.48
2.02481E+12,0.84,0.35,0.48
2.02481E+11,1.04,0.42,0.58
2.02481E+11,0.99,0.42,0.6
2.02481E+11,0.82,0.34,0.48
2.02481E+11,0.78,0.36,0.46
2.02481E+11,0.9,0.38,0.51
2.02481E+11,0.93,0.37,0.53
2.02481E+11,0.84,0.38,0.49
2.02481E+11,0.8,0.33,0.45
2.02481E+11,0.87,0.38,0.5
2.02481E+11,0.89,0.38,0.52
2.02481E+12,0.85,0.35,0.48
2.02481E+12,0.81,0.37,0.47
2.02481E+12,0.85,0.36,0.48
2.02481E+12,0.87,0.36,0.5
2.02481E+12,0.84,0.38,0.49
2.02481E+12,0.82,0.34,0.46
2.02481E+12,0.85,0.37,0.49
2.02481E+12,0.86,0.37,0.5
2.02481E+12,0.84,0.35,0.48
2.02481E+12,0.82,0.37,0.48
2.02481E+12,0.85,0.36,0.48
2.02481E+12,0.85,0.36,0.49
2.02481E+12,0.83,0.37,0.48
2.02481E+12,0.83,0.35,0.47
2.02481E+12,0.84,0.37,0.49
2.02481E+12,0.85,0.37,0.49
2.02481E+12,0.84,0.35,0.48
2.02481E+12,0.83,0.37,0.48
2.02481E+12,0.84,0.36,0.48
2.02481E+12,0.84,0.36,0.48
2.02481E+12,0.83,0.37,0.48
2.02481E+12,0.55,0.12,0.34
2.02481E+12,1.22,0.37,0.67
2.02481E+12,0.85,0.37,0.51
2.02481E+12,0.69,0.3,0.39
2.02481E+12,0.85,0.36,0.48
2.02481E+12,1.03,0.41,0.6
2.02481E+12,0.94,0.35,0.53
2.02481E+12,0.81,0.37,0.47
2.02481E+12,0.79,0.32,0.44
2.02481E+12,0.92,0.37,0.52
2.02481E+12,0.92,0.39,0.53
2.02481E+12,0.83,0.33,0.47
2.02481E+12,0.8,0.36,0.47
2.02481E+12,0.87,0.37,0.5
2.02481E+12,0.9,0.36,0.51
2.02481E+12,0.84,0.38,0.49
2.02481E+12,0.82,0.33,0.46
2.02481E+12,0.86,0.37,0.49
2.02481E+12,0.88,0.37,0.51
2.02481E+12,0.85,0.35,0.48
2.02481E+12,0.82,0.37,0.48
2.02481E+12,0.85,0.36,0.48
2.02481E+12,0.86,0.36,0.49
2.02481E+12,0.84,0.37,0.48
2.02481E+12,0.83,0.34,0.47
2.02481E+12,0.85,0.37,0.49
2.02481E+12,0.85,0.37,0.49
2.02481E+12,0.84,0.35,0.48
2.02481E+12,0.83,0.37,0.48
2.02481E+11,0.85,0.36,0.48
2.02481E+11,0.85,0.36,0.48
2.02481E+11,0.84,0.37,0.48
2.02481E+11,0.84,0.35,0.47
2.02481E+11,0.6,0.27,0.36
2.02481E+11,1.15,0.43,0.66
2.02481E+11,1.02,0.36,0.58
2.02481E+11,0.82,0.37,0.47
2.02481E+11,0.74,0.3,0.42
2.02481E+11,0.93,0.37,0.52
2.02481E+12,0.99,0.4,0.57
2.02481E+12,0.88,0.34,0.49
2.02481E+12,0.78,0.36,0.46
2.02481E+12,0.84,0.34,0.47
2.02481E+12,0.92,0.37,0.52
2.02481E+12,0.89,0.38,0.51
2.02481E+12,0.81,0.32,0.46
2.02481E+12,0.83,0.37,0.48
2.02481E+12,0.88,0.37,0.51
2.02481E+12,0.89,0.36,0.5
2.02481E+12,0.83,0.37,0.48
2.02481E+12,0.83,0.34,0.47
2.02481E+12,0.87,0.36,0.5
2.02481E+12,0.87,0.37,0.5
2.02481E+12,0.84,0.34,0.47
2.02481E+12,0.83,0.37,0.48
2.02481E+12,0.86,0.36,0.49
2.02481E+12,0.86,0.35,0.49
2.02481E+12,0.83,0.37,0.48
2.02481E+12,0.84,0.34,0.47
2.02481E+12,0.85,0.36,0.49
2.02481E+12,0.85,0.36,0.49
2.02481E+12,0.84,0.34,0.48
2.02481E+12,0.94,0.4,0.49
2.02481E+12,0.93,0.37,0.53
2.02481E+12,0.95,0.36,0.54
2.02481E+12,0.92,0.38,0.52
2.02481E+12,0.8,0.32,0.46
2.02481E+12,0.8,0.36,0.47
2.02481E+12,0.9,0.37,0.52
2.02481E+12,0.92,0.36,0.53
2.02481E+12,0.85,0.37,0.49
2.02481E+12,0.8,0.32,0.46
2.02481E+12,0.87,0.37,0.5
2.02481E+12,0.89,0.37,0.52
2.02481E+12,0.86,0.34,0.49
2.02481E+12,0.81,0.36,0.47
2.02481E+12,0.85,0.35,0.48
2.02481E+12,0.87,0.36,0.5
2.02481E+12,0.85,0.37,0.49
2.02481E+12,0.82,0.33,0.47
2.02481E+12,0.84,0.36,0.49
2.02481E+12,0.86,0.36,0.5
2.02481E+12,0.85,0.35,0.49
2.02481E+12,0.83,0.36,0.48
2.02481E+12,0.84,0.34,0.48
2.02481E+12,0.86,0.36,0.49
2.02481E+12,0.86,0.33,0.53
2.02481E+12,1.23,0.43,0.68
2.02481E+12,0.9,0.35,0.52
2.02481E+11,0.72,0.31,0.42
2.02481E+11,0.85,0.36,0.5
2.02481E+11,0.94,0.39,0.54
2.02481E+11,0.91,0.35,0.52
2.02481E+11,0.81,0.36,0.48
2.02481E+11,0.83,0.34,0.46
2.02481E+11,0.89,0.36,0.52
2.02481E+11,0.88,0.38,0.52
2.02481E+11,0.82,0.33,0.46
2.02481E+11,0.82,0.36,0.48
2.02481E+12,0.87,0.36,0.51
2.02481E+12,0.87,0.35,0.5
2.02481E+12,0.82,0.36,0.49
2.02481E+12,0.83,0.34,0.47
2.02481E+12,0.86,0.36,0.5
2.02481E+12,0.85,0.37,0.5
2.02481E+12,0.83,0.34,0.47
2.02481E+12,0.83,0.36,0.49
2.02481E+12,0.85,0.36,0.5
2.02481E+12,0.85,0.35,0.49
2.02481E+12,0.83,0.36,0.49
2.02481E+12,0.84,0.35,0.48
2.02481E+12,0.85,0.36,0.49
2.02481E+12,0.84,0.36,0.49
2.02481E+12,0.83,0.34,0.48
2.02481E+12,0.84,0.36,0.49
2.02481E+12,0.85,0.36,0.49
2.02481E+12,0.84,0.35,0.48
2.02481E+12,0.83,0.36,0.49
2.02481E+12,0.84,0.35,0.49
2.02481E+12,0.84,0.35,0.49
2.02481E+12,0.94,0.28,0.51
2.02481E+12,0.94,0.34,0.58
2.02481E+12,0.78,0.34,0.44
2.02481E+12,0.81,0.32,0.45
2.02481E+12,0.91,0.37,0.53
2.02481E+12,0.88,0.38,0.52
2.02481E+12,0.82,0.33,0.46
2.02481E+12,0.82,0.36,0.48
2.02481E+12,0.88,0.36,0.51
2.02481E+12,0.88,0.35,0.5
2.02481E+12,0.83,0.37,0.48
2.02481E+12,0.83,0.34,0.47
2.02481E+12,0.86,0.36,0.5
2.02481E+12,0.86,0.37,0.5
2.02481E+12,0.84,0.34,0.48
2.02481E+12,0.83,0.36,0.48
2.02481E+12,0.85,0.36,0.49
2.02481E+12,0.86,0.35,0.49
2.02481E+12,0.83,0.36,0.48
2.02481E+12,0.84,0.34,0.48
2.02481E+12,0.85,0.36,0.49
2.02481E+12,1.07,0.29,0.66
2.02481E+12,1.19,0.35,0.71
2.02481E+12,0.8,0.35,0.47
2.02481E+12,0.79,0.31,0.43
2.02481E+12,0.9,0.36,0.52
2.02481E+12,0.94,0.39,0.55
2.02481E+12,0.85,0.33,0.48
2.02481E+12,0.8,0.36,0.46
2.02481E+11,0.86,0.35,0.49
2.02481E+11,0.9,0.36,0.52
2.02481E+11,0.86,0.37,0.5
2.02481E+11,0.81,0.32,0.47
2.02481E+11,0.85,0.36,0.49
2.02481E+11,0.88,0.36,0.51
2.02481E+11,0.87,0.35,0.49
2.02481E+11,0.83,0.36,0.48
2.02481E+11,0.84,0.34,0.48
2.02481E+11,1.31,0.47,0.71
2.02481E+12,1.04,0.41,0.62
2.02481E+12,0.79,0.31,0.45
2.02481E+12,0.77,0.34,0.44
2.02481E+12,0.89,0.36,0.51
2.02481E+12,0.94,0.36,0.54
2.02481E+12,0.86,0.37,0.5
2.02481E+12,0.8,0.31,0.46
2.02481E+12,0.86,0.36,0.49
2.02481E+12,0.73,0.39,0.46
2.02481E+12,1.44,0.46,0.75
2.02481E+12,0.93,0.38,0.55
2.02481E+12,0.74,0.29,0.42
2.02481E+12,0.83,0.35,0.47
2.02481E+12,0.97,0.39,0.56
2.02481E+12,0.95,0.35,0.55
2.02481E+12,0.83,0.36,0.48
2.02481E+12,0.79,0.31,0.45
2.02481E+12,0.89,0.36,0.51
2.02481E+12,0.91,0.38,0.53
2.02481E+12,0.86,0.33,0.49
2.02481E+12,0.81,0.36,0.47
2.02481E+12,0.85,0.34,0.49
2.02481E+12,0.88,0.35,0.51
2.02481E+12,0.86,0.37,0.49
2.02481E+12,0.82,0.32,0.47
2.02481E+12,0.84,0.36,0.49
2.02481E+12,0.87,0.36,0.5
2.02481E+12,0.86,0.34,0.49
2.02481E+12,0.83,0.36,0.48
2.02481E+12,0.84,0.34,0.48
2.02481E+12,0.86,0.35,0.5
2.02481E+12,0.85,0.36,0.49
2.02481E+12,0.83,0.33,0.48
2.02481E+12,0.84,0.36,0.48
2.02481E+12,0.85,0.35,0.49
2.02481E+12,0.85,0.34,0.49
2.02481E+12,0.84,0.36,0.48
2.02481E+12,0.84,0.34,0.48
2.02481E+12,0.88,0.34,0.48
2.02481E+12,0.93,0.33,0.49
2.02481E+12,0.78,0.33,0.41
2.02481E+12,0.83,0.36,0.49
2.02481E+12,0.93,0.37,0.54
2.02481E+12,0.93,0.35,0.53
2.02481E+12,0.84,0.36,0.48
2.02481E+12,0.8,0.31,0.46
2.02481E+12,0.87,0.36,0.5
2.02481E+12,0.9,0.37,0.52
2.02481E+12,0.86,0.34,0.5
2.02481E+12,0.81,0.36,0.47
2.02481E+11,0.85,0.34,0.48
2.02481E+11,0.87,0.35,0.51
2.02481E+11,0.86,0.36,0.49
2.02481E+11,0.83,0.33,0.47
2.02481E+11,0.84,0.36,0.49
2.02481E+11,0.86,0.35,0.5
2.02481E+11,0.86,0.34,0.49
2.02481E+11,0.83,0.36,0.48
2.02481E+11,0.84,0.34,0.48
2.02481E+11,0.86,0.35,0.49
2.02481E+12,0.85,0.36,0.49
2.02481E+12,0.83,0.3,0.51
2.02481E+12,0.76,0.34,0.41
2.02481E+12,1.1,0.38,0.64
2.02481E+12,0.83,0.35,0.49
2.02481E+12,0.79,0.31,0.44
2.02481E+12,0.87,0.35,0.5
2.02481E+12,0.94,0.38,0.55
2.02481E+12,0.89,0.34,0.51
2.02481E+12,0.81,0.36,0.47
2.02481E+12,0.83,0.33,0.47
2.02481E+12,0.89,0.36,0.51
2.02481E+12,0.88,0.37,0.51
2.02481E+12,0.83,0.33,0.48
2.02481E+12,0.83,0.36,0.47
2.02481E+12,0.87,0.35,0.5
2.02481E+12,0.87,0.35,0.5
2.02481E+12,0.84,0.36,0.48
2.02481E+12,0.83,0.33,0.47
2.02481E+12,0.86,0.36,0.49
2.02481E+12,0.86,0.36,0.5
2.02481E+12,0.84,0.34,0.48
2.02481E+12,0.83,0.36,0.48
2.02481E+12,0.85,0.34,0.49
2.02481E+12,0.86,0.35,0.49
2.02481E+12,0.84,0.36,0.48
2.02481E+12,0.83,0.34,0.48
2.02481E+12,0.85,0.36,0.49
2.02481E+12,0.85,0.35,0.49
2.02481E+12,0.84,0.34,0.48
2.02481E+12,0.84,0.36,0.48
2.02481E+12,0.85,0.34,0.49
2.02481E+12,0.85,0.35,0.49
2.02481E+12,0.78,0.34,0.54
2.02481E+12,0.6,0.33,0.41
2.02481E+12,0.89,0.42,0.48
2.02481E+12,1.16,0.42,0.63
2.02481E+12,0.75,0.3,0.48
2.02481E+12,0.85,0.36,0.49
2.02481E+12,0.88,0.35,0.5
2.02481E+12,0.88,0.35,0.53
2.02481E+12,0.86,0.36,0.49
2.02481E+12,0.84,0.32,0.48
2.02481E+12,0.84,0.35,0.51
2.02481E+12,0.87,0.36,0.5
2.02481E+12,0.86,0.33,0.5
2.02481E+12,0.82,0.35,0.49
2.02481E+12,0.85,0.34,0.48
2.02481E+12,0.86,0.34,0.5
2.02481E+12,0.85,0.35,0.5
2.02481E+11,0.84,0.33,0.48
2.02481E+11,0.84,0.35,0.49
2.02481E+11,0.85,0.35,0.5
2.02481E+11,0.85,0.34,0.49
2.02481E+11,0.84,0.35,0.49
2.02481E+11,0.84,0.33,0.49
2.02481E+11,0.85,0.34,0.49
2.02481E+11,0.84,0.35,0.49
2.02481E+11,0.84,0.33,0.49
2.02481E+11,0.65,0.28,0.42
2.02481E+12,1.13,0.41,0.65
2.02481E+12,1.01,0.34,0.59
2.02481E+12,0.82,0.35,0.47
2.02481E+12,0.76,0.3,0.44
2.02481E+12,0.91,0.35,0.53
2.02481E+12,0.97,0.38,0.56
2.02481E+12,0.88,0.33,0.51
2.02481E+12,0.8,0.35,0.46
2.02481E+12,0.83,0.32,0.48
2.02481E+12,0.9,0.35,0.52
2.02481E+12,0.89,0.37,0.52
2.02481E+12,0.83,0.32,0.48
2.02481E+12,0.82,0.35,0.48
2.02481E+12,0.87,0.35,0.5
2.02481E+12,0.88,0.34,0.51
2.02481E+12,0.85,0.36,0.49
2.02481E+12,0.82,0.32,0.47
2.02481E+12,0.86,0.35,0.49
2.02481E+12,0.87,0.35,0.5
2.02481E+12,0.85,0.33,0.49
2.02481E+12,0.83,0.35,0.48
2.02481E+12,0.85,0.33,0.49
2.02481E+12,0.86,0.34,0.5
2.02481E+12,0.85,0.35,0.49
2.02481E+12,0.83,0.33,0.48
2.02481E+12,0.85,0.35,0.49
2.02481E+12,0.87,0.26,0.56
2.02481E+12,0.74,0.27,0.45
2.02481E+12,0.81,0.36,0.45
2.02481E+12,0.81,0.33,0.48
2.02481E+12,0.92,0.36,0.53
2.02481E+12,0.91,0.37,0.52
2.02481E+12,0.83,0.32,0.48
2.02481E+12,0.81,0.35,0.47
2.02481E+12,0.87,0.34,0.5
2.02481E+12,0.9,0.35,0.52
2.02481E+12,0.86,0.36,0.49
2.02481E+12,0.82,0.31,0.47
2.02481E+12,0.85,0.35,0.49
2.02481E+12,0.88,0.35,0.51
2.02481E+12,0.86,0.34,0.5
2.02481E+12,0.83,0.35,0.48
2.02481E+12,0.84,0.33,0.48
2.02481E+12,0.86,0.35,0.5
2.02481E+12,0.86,0.35,0.49
2.02481E+12,0.84,0.33,0.48
2.02481E+12,0.84,0.35,0.48
2.02481E+12,0.85,0.34,0.49
2.02481E+12,0.85,0.34,0.49
2.02481E+12,0.84,0.35,0.48
2.02481E+11,0.84,0.33,0.48
2.02481E+11,0.85,0.34,0.49
2.02481E+11,0.85,0.35,0.49
2.02481E+11,0.84,0.33,0.48
2.02481E+11,0.84,0.35,0.48
2.02481E+11,0.85,0.34,0.49
2.02481E+11,0.85,0.34,0.49
2.02481E+11,0.84,0.35,0.48
2.02481E+11,0.84,0.33,0.49
2.02481E+11,1.29,0.41,0.67
2.02481E+12,0.65,0.31,0.42
2.02481E+12,0.85,0.37,0.49
2.02481E+12,0.96,0.37,0.54
2.02481E+12,0.98,0.36,0.57
2.02481E+12,0.88,0.36,0.48
2.02481E+12,0.79,0.3,0.46
2.02481E+12,0.86,0.35,0.48
2.02481E+12,0.92,0.37,0.52
2.02481E+12,0.91,0.34,0.52
2.02481E+12,0.84,0.36,0.47
2.02481E+12,0.81,0.31,0.46
2.02481E+12,0.88,0.35,0.5
2.02481E+12,0.89,0.36,0.51
2.02481E+12,0.86,0.33,0.49
2.02481E+12,0.83,0.35,0.47
2.02481E+12,0.85,0.34,0.48
2.02481E+12,0.87,0.34,0.5
2.02481E+12,0.86,0.36,0.48
2.02481E+12,0.83,0.32,0.48
2.02481E+12,0.85,0.35,0.48
2.02481E+12,0.86,0.35,0.49
2.02481E+12,0.86,0.34,0.49
2.02481E+12,0.84,0.35,0.47
2.02481E+12,0.84,0.33,0.48
2.02481E+12,0.86,0.34,0.49
2.02481E+12,0.86,0.35,0.48
2.02481E+12,0.84,0.33,0.48
2.02481E+12,0.85,0.35,0.48
2.02481E+12,0.85,0.34,0.48
2.02481E+12,0.85,0.34,0.48
2.02481E+12,0.85,0.35,0.48
2.02481E+12,0.84,0.33,0.48
2.02481E+12,0.85,0.34,0.48
2.02481E+12,0.97,0.34,0.55
2.02481E+12,0.71,0.32,0.42
2.02481E+12,0.84,0.37,0.48
2.02481E+12,0.93,0.36,0.53
2.02481E+12,0.99,0.36,0.58
2.02481E+12,0.89,0.36,0.49
2.02481E+12,0.79,0.3,0.46
2.02481E+12,0.85,0.35,0.48
2.02481E+12,0.92,0.36,0.52
2.02481E+12,0.91,0.34,0.53
2.02481E+12,0.84,0.35,0.47
2.02481E+12,0.81,0.31,0.47
2.02481E+12,0.88,0.35,0.5
2.02481E+12,0.89,0.36,0.51
2.02481E+12,0.86,0.33,0.49
2.02481E+12,0.83,0.35,0.47
2.02481E+11,0.85,0.33,0.48
2.02481E+11,0.87,0.34,0.5
2.02481E+11,0.86,0.35,0.49
2.02481E+11,0.83,0.32,0.48
2.02481E+11,0.85,0.35,0.48
2.02481E+11,0.86,0.34,0.49
2.02481E+11,0.86,0.34,0.49
2.02481E+11,0.85,0.35,0.48
2.02481E+11,0.84,0.33,0.48
2.02481E+11,0.86,0.34,0.49
2.02481E+12,0.86,0.35,0.49
2.02481E+12,0.84,0.33,0.48
2.02481E+12,0.84,0.35,0.48
2.02481E+12,0.85,0.34,0.48
2.02481E+12,0.85,0.34,0.49
2.02481E+12,0.85,0.35,0.48
2.02481E+12,0.84,0.33,0.48
2.02481E+12,0.85,0.34,0.48
2.02481E+12,0.85,0.34,0.48
2.02481E+12,0.84,0.33,0.48
2.02481E+12,0.85,0.34,0.48
2.02481E+12,0.85,0.34,0.48
2.02481E+12,0.85,0.34,0.48
2.02481E+12,0.92,0.29,0.55
2.02481E+12,1.16,0.4,0.61
2.02481E+12,0.9,0.35,0.47
2.02481E+12,0.75,0.29,0.43
2.02481E+12,0.83,0.34,0.47
2.02481E+12,0.95,0.37,0.54
2.02481E+12,0.95,0.35,0.55
2.02481E+12,0.86,0.36,0.48
2.02481E+12,0.8,0.31,0.46
2.02481E+12,0.87,0.35,0.49
2.02481E+12,0.91,0.36,0.52
2.02481E+12,0.88,0.34,0.51
2.02481E+12,0.83,0.35,0.47
2.02481E+12,0.83,0.32,0.47
2.02481E+12,0.88,0.35,0.5
2.02481E+12,0.88,0.35,0.5
2.02481E+12,0.84,0.33,0.48
2.02481E+12,0.84,0.35,0.47
2.02481E+12,0.86,0.34,0.49
2.02481E+12,0.87,0.34,0.49
2.02481E+12,0.85,0.35,0.48
2.02481E+12,0.83,0.32,0.48
2.02481E+12,0.85,0.35,0.48
2.02481E+12,0.86,0.35,0.49
2.02481E+12,0.85,0.33,0.49
2.02481E+12,0.84,0.35,0.47
2.02481E+12,0.85,0.33,0.48
2.02481E+12,0.86,0.34,0.49
2.02481E+12,0.85,0.35,0.48
2.02481E+12,0.84,0.33,0.48
2.02481E+12,0.85,0.35,0.48
2.02481E+12,0.85,0.34,0.48
2.02481E+12,0.85,0.33,0.48
2.02481E+12,0.85,0.34,0.48
2.02481E+12,0.85,0.33,0.48
2.02481E+12,0.85,0.34,0.48
2.02481E+12,0.85,0.34,0.48
2.02481E+11,0.84,0.33,0.48
2.02481E+11,0.85,0.34,0.48
2.02481E+11,0.85,0.34,0.48
2.02481E+11,0.85,0.34,0.48
2.02481E+11,0.85,0.34,0.48
2.02481E+11,0.85,0.33,0.48
2.02481E+11,0.85,0.34,0.48
2.02481E+11,0.85,0.34,0.48
2.02481E+11,0.85,0.33,0.48
2.02481E+11,0.85,0.34,0.48
2.02481E+12,0.85,0.34,0.48
2.02481E+12,0.85,0.34,0.48
2.02481E+12,0.85,0.34,0.48
2.02481E+12,0.85,0.34,0.48
2.02481E+12,0.85,0.34,0.48
2.02481E+12,0.78,0.25,0.48
2.02481E+12,0.95,0.32,0.58
2.02481E+12,0.79,0.32,0.43
2.02481E+12,0.81,0.31,0.45
2.02481E+12,0.89,0.35,0.52
2.02481E+12,0.92,0.37,0.52
2.02481E+12,0.85,0.32,0.49
2.02481E+12,0.82,0.35,0.46
2.02481E+12,0.86,0.34,0.49
2.02481E+12,0.88,0.34,0.51
2.02481E+12,0.87,0.36,0.49
2.02481E+12,0.83,0.32,0.48
2.02481E+12,0.84,0.35,0.47
2.02481E+12,0.86,0.35,0.49
2.02481E+12,0.87,0.34,0.5
2.02481E+12,0.85,0.35,0.48
2.02481E+12,0.83,0.33,0.48
2.02481E+12,0.86,0.35,0.49
2.02481E+12,0.86,0.35,0.49
2.02481E+12,0.85,0.33,0.48
2.02481E+12,0.84,0.35,0.47
2.02481E+12,0.85,0.34,0.48
2.02481E+12,0.86,0.34,0.49
2.02481E+12,0.85,0.35,0.48
2.02481E+12,0.84,0.33,0.48
2.02481E+12,0.85,0.35,0.48
2.02481E+12,0.85,0.34,0.48
2.02481E+12,0.85,0.33,0.48
2.02481E+12,0.84,0.35,0.48
2.02481E+12,0.85,0.34,0.48
2.02481E+12,0.85,0.34,0.48
2.02481E+12,0.85,0.35,0.48
2.02481E+12,0.84,0.33,0.48
2.02481E+12,0.85,0.34,0.48
2.02481E+12,0.85,0.34,0.48
2.02481E+12,0.85,0.34,0.48
2.02481E+12,0.85,0.34,0.48
2.02481E+12,0.85,0.34,0.48
2.02481E+12,0.85,0.34,0.48
2.02481E+12,0.91,0.29,0.6
2.02481E+12,0.96,0.33,0.53
2.02481E+12,0.8,0.34,0.44
2.02481E+12,0.78,0.31,0.45
2.02481E+12,0.91,0.36,0.52
2.02481E+12,0.96,0.38,0.54
2.02481E+11,0.87,0.33,0.5
2.02481E+11,0.81,0.35,0.45
2.02481E+11,0.84,0.33,0.48
2.02481E+11,0.9,0.35,0.51
2.02481E+11,0.89,0.36,0.5
2.02481E+11,0.83,0.32,0.48
2.02481E+11,0.83,0.35,0.47
2.02481E+11,0.87,0.35,0.49
2.02481E+11,0.88,0.34,0.5
2.02481E+11,0.86,0.36,0.48
2.02481E+12,0.83,0.32,0.47
2.02481E+12,0.86,0.35,0.48
2.02481E+12,0.87,0.35,0.49
2.02481E+12,0.86,0.33,0.49
2.02481E+12,0.84,0.35,0.47
2.02481E+12,0.85,0.33,0.48
2.02481E+12,0.86,0.34,0.49
2.02481E+12,0.86,0.35,0.48
2.02481E+12,0.84,0.33,0.48
2.02481E+12,0.85,0.35,0.48
2.02481E+12,0.85,0.34,0.48
2.02481E+12,0.85,0.34,0.49
2.02481E+12,0.85,0.35,0.47
2.02481E+12,0.84,0.33,0.48
2.02481E+12,0.85,0.34,0.48
2.02481E+12,0.85,0.35,0.48
2.02481E+12,0.84,0.33,0.48
2.02481E+12,0.85,0.35,0.48
2.02481E+12,0.85,0.34,0.48
2.02481E+12,0.85,0.34,0.48
2.02481E+12,0.85,0.34,0.48
2.02481E+12,0.84,0.33,0.48
2.02481E+12,0.85,0.34,0.48
2.02481E+12,0.85,0.34,0.48
2.02481E+12,0.85,0.33,0.48
2.02481E+12,0.85,0.34,0.48
2.02481E+12,0.85,0.34,0.48
2.02481E+12,0.85,0.34,0.48
2.02481E+12,0.85,0.34,0.48
2.02481E+12,0.85,0.34,0.48
2.02481E+12,0.85,0.34,0.48
2.02481E+12,0.54,0.21,0.31
2.02481E+12,0.88,0.33,0.49
2.02481E+12,1.01,0.36,0.6
2.02481E+12,0.89,0.36,0.5
2.02481E+12,0.77,0.3,0.45
2.02481E+12,0.85,0.34,0.48
2.02481E+12,0.94,0.37,0.53
2.02481E+12,0.92,0.34,0.53
2.02481E+12,0.85,0.35,0.47
2.02481E+12,0.8,0.31,0.46
2.02481E+12,0.88,0.35,0.5
2.02481E+12,0.9,0.36,0.51
2.02481E+12,0.87,0.33,0.5
2.02481E+12,0.83,0.35,0.47
2.02481E+12,0.85,0.33,0.48
2.02481E+12,0.88,0.34,0.5
2.02481E+12,0.87,0.35,0.49
2.02481E+12,0.84,0.32,0.48
2.02481E+12,0.84,0.35,0.47
2.02481E+11,0.86,0.34,0.49
2.02481E+11,0.86,0.34,0.49
2.02481E+11,0.85,0.35,0.48
2.02481E+11,0.84,0.32,0.48
2.02481E+11,0.86,0.34,0.48
2.02481E+11,0.86,0.34,0.49
2.02481E+11,0.85,0.33,0.48
2.02481E+11,0.85,0.34,0.47
2.02481E+11,0.85,0.33,0.48
2.02481E+11,0.86,0.34,0.49
2.02481E+12,0.85,0.34,0.48
2.02481E+12,0.84,0.33,0.48
2.02481E+12,0.85,0.34,0.48
2.02481E+12,0.85,0.34,0.48
2.02481E+12,0.85,0.33,0.48
2.02481E+12,0.85,0.34,0.48
2.02481E+12,0.85,0.33,0.48
2.02481E+12,0.85,0.34,0.48
2.02481E+12,0.85,0.34,0.48
2.02481E+12,0.84,0.33,0.48
2.02481E+12,0.85,0.34,0.48
2.02481E+12,0.85,0.34,0.48
2.02481E+12,0.85,0.33,0.48
2.02481E+12,1.1,0.35,0.62
2.02481E+12,1.05,0.39,0.58
2.02481E+12,0.84,0.34,0.48
2.02481E+12,0.8,0.31,0.46
2.02481E+12,0.87,0.35,0.5
2.02481E+12,0.89,0.36,0.51
2.02481E+12,0.87,0.34,0.5
2.02481E+12,0.83,0.35,0.47
2.02481E+12,0.83,0.32,0.48
2.02481E+12,0.87,0.35,0.5
2.02481E+12,0.87,0.35,0.5
2.02481E+12,0.84,0.33,0.49
2.02481E+12,0.84,0.35,0.47
2.02481E+12,0.85,0.34,0.49
2.02481E+12,0.86,0.34,0.49
2.02481E+12,0.85,0.35,0.48
2.02481E+12,0.83,0.33,0.48
2.02481E+12,0.85,0.35,0.48
2.02481E+12,0.86,0.34,0.49
2.02481E+12,0.85,0.33,0.49
2.02481E+12,0.84,0.35,0.48
2.02481E+12,0.84,0.33,0.48
2.02481E+12,0.85,0.34,0.49
2.02481E+12,0.85,0.35,0.48
2.02481E+12,0.84,0.33,0.48
2.02481E+12,0.54,0.22,0.35
2.02481E+12,0.73,0.31,0.46
2.02481E+12,0.92,0.36,0.51
2.02481E+12,0.9,0.34,0.53
2.02481E+12,0.86,0.36,0.5
2.02481E+12,0.81,0.31,0.47
2.02481E+12,0.87,0.35,0.49
2.02481E+12,0.88,0.35,0.51
2.02481E+12,0.87,0.33,0.5
2.02481E+12,0.83,0.35,0.48
2.02481E+12,0.84,0.33,0.49
2.02481E+12,0.87,0.34,0.5
2.02481E+11,0.86,0.35,0.49
2.02481E+11,0.97,0.33,0.49
2.02481E+11,0.95,0.34,0.62
2.02481E+11,0.89,0.33,0.47
2.02481E+11,0.8,0.33,0.47
2.02481E+11,0.88,0.35,0.5
2.02481E+11,0.88,0.34,0.5
2.02481E+11,0.85,0.35,0.49
2.02481E+11,0.83,0.32,0.48
2.02481E+11,0.85,0.35,0.49
2.02481E+12,0.87,0.35,0.5
2.02481E+12,0.86,0.33,0.49
2.02481E+12,0.84,0.35,0.48
2.02481E+12,0.87,0.33,0.49
2.02481E+12,0.86,0.34,0.5
2.02481E+12,0.85,0.35,0.49
2.02481E+12,0.84,0.32,0.48
2.02481E+12,0.85,0.35,0.49
2.02481E+12,0.86,0.34,0.49
2.02481E+12,0.85,0.33,0.49
2.02481E+12,0.84,0.35,0.48
2.02481E+12,0.85,0.33,0.49
2.02481E+12,0.85,0.34,0.49
2.02481E+12,0.85,0.34,0.49
2.02481E+12,0.84,0.33,0.48
2.02481E+12,0.85,0.34,0.49
2.02481E+12,1,0.34,0.6
2.02481E+12,0.75,0.3,0.4
2.02481E+12,0.85,0.35,0.5
2.02481E+12,0.98,0.38,0.57
2.02481E+12,0.95,0.34,0.54
2.02481E+12,0.84,0.35,0.48
2.02481E+12,0.79,0.3,0.46
2.02481E+12,0.89,0.35,0.5
2.02481E+12,0.91,0.36,0.53
2.02481E+12,0.87,0.33,0.5
2.02481E+12,0.82,0.35,0.46
2.02481E+12,0.85,0.33,0.48
2.02481E+12,0.88,0.34,0.51
2.02481E+12,0.87,0.36,0.49
2.02481E+12,0.83,0.32,0.48
2.02481E+12,0.84,0.35,0.48
2.02481E+12,0.87,0.35,0.5
2.02481E+12,0.86,0.33,0.5
2.02481E+12,0.84,0.35,0.48
2.02481E+12,0.84,0.32,0.48
2.02481E+12,0.86,0.34,0.49
2.02481E+12,0.86,0.35,0.49
2.02481E+12,0.84,0.32,0.48
2.02481E+12,0.84,0.35,0.48
2.02481E+12,0.85,0.34,0.49
2.02481E+12,0.85,0.33,0.49
2.02481E+12,0.84,0.35,0.48
2.02481E+12,0.84,0.33,0.48
2.02481E+12,0.85,0.34,0.49
2.02481E+12,0.85,0.34,0.49
2.02481E+12,0.84,0.33,0.48
2.02481E+12,0.85,0.34,0.48
2.02481E+12,0.85,0.34,0.49
2.02481E+12,0.85,0.33,0.49
2.02481E+11,0.85,0.34,0.48
2.02481E+11,0.84,0.33,0.48
2.02481E+11,0.85,0.34,0.49
2.02481E+11,0.85,0.34,0.48
2.02481E+11,0.84,0.33,0.48
2.02481E+11,0.85,0.34,0.48
2.02481E+11,0.85,0.34,0.48
2.02481E+11,0.85,0.33,0.48
2.02481E+11,0.84,0.34,0.48
2.02481E+11,0.77,0.25,0.52
2.02481E+12,0.71,0.25,0.44
2.02481E+12,0.78,0.33,0.43
2.02481E+12,0.83,0.32,0.48
2.02481E+12,0.92,0.35,0.54
2.02481E+12,0.92,0.36,0.52
2.02481E+12,0.83,0.31,0.48
2.02481E+12,0.82,0.34,0.47
2.02481E+12,0.87,0.34,0.5
2.02481E+12,0.9,0.34,0.52
2.02481E+12,0.86,0.35,0.49
2.02481E+12,0.82,0.31,0.48
2.02481E+12,0.86,0.34,0.49
2.02481E+12,0.88,0.34,0.5
2.02481E+12,0.87,0.33,0.5
2.02481E+12,0.84,0.34,0.48
2.02481E+12,0.84,0.32,0.48
2.02481E+12,0.86,0.34,0.5
2.02481E+12,0.86,0.35,0.49
2.02481E+12,0.84,0.32,0.49
2.02481E+12,0.84,0.34,0.48
2.02481E+12,0.85,0.33,0.49
2.02481E+12,0.86,0.33,0.49
2.02481E+12,0.85,0.34,0.48
2.02481E+12,0.84,0.32,0.48
2.02481E+12,0.85,0.34,0.49
2.02481E+12,0.85,0.34,0.49
2.02481E+12,0.84,0.33,0.49
2.02481E+12,0.89,0.32,0.52
2.02481E+12,0.73,0.29,0.46
2.02481E+12,0.81,0.34,0.45
2.02481E+12,0.9,0.35,0.51
2.02481E+12,0.95,0.35,0.56
2.02481E+12,0.88,0.36,0.49
2.02481E+12,0.8,0.3,0.47
2.02481E+12,0.85,0.35,0.48
2.02481E+12,0.9,0.35,0.51
2.02481E+12,0.89,0.34,0.52
2.02481E+12,0.84,0.35,0.47
2.02481E+12,0.82,0.31,0.47
2.02481E+12,0.87,0.34,0.5
2.02481E+12,0.88,0.35,0.5
2.02481E+12,0.85,0.32,0.49
2.02481E+12,0.84,0.34,0.47
2.02481E+12,0.85,0.33,0.49
2.02481E+12,0.87,0.34,0.5
2.02481E+12,0.86,0.35,0.49
2.02481E+12,0.83,0.32,0.48
2.02481E+12,0.85,0.34,0.48
2.02481E+12,0.86,0.34,0.49
2.02481E+12,0.85,0.33,0.49
2.02481E+11,0.84,0.34,0.48
2.02481E+11,0.84,0.33,0.48
2.02481E+11,0.86,0.34,0.49
2.02481E+11,0.85,0.34,0.49
2.02481E+11,0.84,0.33,0.48
2.02481E+11,0.85,0.34,0.48
2.02481E+11,0.85,0.34,0.49
2.02481E+11,0.85,0.33,0.49
2.02481E+11,0.85,0.34,0.48
2.02481E+11,0.84,0.33,0.48
2.02481E+12,0.85,0.34,0.49
2.02481E+12,0.85,0.34,0.48
2.02481E+12,0.84,0.33,0.48
2.02481E+12,0.85,0.34,0.48
2.02481E+12,0.85,0.34,0.49
2.02481E+12,0.85,0.33,0.49
2.02481E+12,0.85,0.34,0.48
2.02481E+12,0.85,0.33,0.48
2.02481E+12,0.85,0.34,0.48
2.02481E+12,0.85,0.34,0.48
2.02481E+12,0.89,0.29,0.5
2.02481E+12,1.09,0.37,0.66
2.02481E+12,1.05,0.39,0.58
2.02481E+12,0.86,0.31,0.5
2.02481E+12,0.79,0.34,0.44
2.02481E+12,0.84,0.32,0.48
2.02481E+12,0.92,0.35,0.54
2.02481E+12,0.92,0.36,0.52
2.02481E+12,0.83,0.31,0.48
2.02481E+12,0.82,0.34,0.46
2.02481E+12,0.87,0.34,0.5
2.02481E+12,0.89,0.34,0.52
2.02481E+12,0.87,0.35,0.49
2.02481E+12,0.82,0.31,0.48
2.02481E+12,0.86,0.34,0.48
2.02481E+12,0.87,0.34,0.5
2.02481E+12,0.87,0.33,0.5
2.02481E+12,0.84,0.35,0.48
2.02481E+12,0.84,0.32,0.48
2.02481E+12,0.86,0.34,0.49
2.02481E+12,0.87,0.34,0.49
2.02481E+12,0.85,0.32,0.49
2.02481E+12,0.85,0.34,0.48
2.02481E+12,0.85,0.33,0.49
2.02481E+12,0.86,0.33,0.49
2.02481E+12,0.85,0.34,0.48
2.02481E+12,0.84,0.32,0.48
2.02481E+12,0.85,0.34,0.48
2.02481E+12,0.86,0.34,0.49
2.02481E+12,0.85,0.33,0.49
2.02481E+12,0.85,0.34,0.48
2.02481E+12,0.85,0.33,0.49
2.02481E+12,0.85,0.33,0.49
2.02481E+12,0.97,0.35,0.53
2.02481E+12,0.81,0.31,0.45
2.02481E+12,0.86,0.34,0.51
2.02481E+12,0.96,0.37,0.55
2.02481E+12,0.93,0.33,0.53
2.02481E+12,0.84,0.35,0.47
2.02481E+12,0.8,0.3,0.46
2.02481E+11,0.88,0.35,0.5
2.02481E+11,0.91,0.36,0.52
2.02481E+11,0.87,0.33,0.5
2.02481E+11,0.83,0.34,0.46
2.02481E+11,0.81,0.27,0.48
2.02481E+11,0.96,0.3,0.56
2.02481E+11,0.8,0.35,0.45
2.02481E+11,0.74,0.28,0.43
2.02481E+11,0.94,0.35,0.54
2.02481E+11,1.06,0.39,0.6
2.02481E+12,0.92,0.32,0.53
2.02481E+12,0.83,0.34,0.46
2.02481E+12,0.79,0.3,0.45
2.02481E+12,0.9,0.34,0.52
2.02481E+12,0.94,0.36,0.53
2.02481E+12,0.86,0.32,0.49
2.02481E+12,0.82,0.34,0.46
2.02481E+12,0.85,0.32,0.48
2.02481E+12,0.89,0.34,0.51
2.02481E+12,0.89,0.35,0.5
2.02481E+12,0.83,0.31,0.48
2.02481E+12,0.84,0.34,0.47
2.02481E+12,0.87,0.33,0.49
2.02481E+12,0.88,0.33,0.5
2.02481E+12,0.86,0.34,0.48
2.02481E+12,0.83,0.31,0.48
2.02481E+12,0.86,0.34,0.48
2.02481E+12,0.87,0.34,0.49
2.02481E+12,0.86,0.32,0.49
2.02481E+12,0.85,0.34,0.47
2.02481E+12,0.85,0.32,0.48
2.02481E+12,0.86,0.33,0.49
2.02481E+12,0.86,0.34,0.48
2.02481E+12,0.84,0.32,0.48
2.02481E+12,0.85,0.34,0.48
2.02481E+12,0.86,0.33,0.48
2.02481E+12,0.85,0.33,0.48
2.02481E+12,0.85,0.34,0.48
2.02481E+12,0.85,0.32,0.48
2.02481E+12,0.85,0.33,0.48
2.02481E+12,0.85,0.34,0.48
2.02481E+12,0.85,0.32,0.48
2.02481E+12,0.85,0.34,0.48
2.02481E+12,0.85,0.33,0.48
2.02481E+12,0.84,0.35,0.46
2.02481E+12,0.94,0.36,0.54
2.02481E+12,0.96,0.35,0.55
2.02481E+12,0.85,0.35,0.47
2.02481E+12,0.79,0.3,0.46
2.02481E+12,0.88,0.35,0.5
2.02481E+12,0.91,0.36,0.52
2.02481E+12,0.88,0.33,0.51
2.02481E+12,0.83,0.34,0.47
2.02481E+12,0.84,0.32,0.48
2.02481E+12,0.88,0.34,0.5
2.02481E+12,0.88,0.35,0.5
2.02481E+12,0.85,0.32,0.49
2.02481E+12,0.84,0.34,0.47
2.02481E+12,0.86,0.33,0.49
2.02481E+11,0.87,0.33,0.5
2.02481E+11,0.86,0.34,0.48
2.02481E+11,0.83,0.32,0.48
2.02481E+11,0.86,0.34,0.48
2.02481E+11,0.86,0.34,0.49
2.02481E+11,0.85,0.33,0.49
2.02481E+11,0.85,0.34,0.47
2.02481E+11,0.85,0.33,0.48
2.02481E+11,0.86,0.34,0.49
2.02481E+11,0.86,0.34,0.48
2.02481E+12,0.84,0.33,0.48
2.02481E+12,0.85,0.34,0.48
2.02481E+12,0.85,0.33,0.48
2.02481E+12,0.85,0.33,0.48
2.02481E+12,0.85,0.34,0.48
2.02481E+12,0.85,0.33,0.48
2.02481E+12,0.85,0.34,0.48
2.02481E+12,0.85,0.34,0.48
2.02481E+12,0.85,0.33,0.48
2.02481E+12,0.85,0.34,0.48
2.02481E+12,0.85,0.33,0.48
2.02481E+12,0.85,0.33,0.48
2.02481E+12,0.85,0.34,0.48
2.02481E+12,0.85,0.33,0.48
2.02481E+12,0.85,0.33,0.48
2.02481E+12,0.85,0.34,0.48
2.02481E+12,0.85,0.33,0.48
2.02481E+12,0.85,0.34,0.48
2.02481E+12,0.85,0.33,0.48
2.02481E+12,0.85,0.33,0.48
2.02481E+12,0.85,0.34,0.48
2.02481E+12,0.85,0.33,0.48
2.02481E+12,0.85,0.33,0.48
2.02481E+12,0.85,0.34,0.48
2.02481E+12,0.85,0.33,0.48
2.02481E+12,0.85,0.34,0.48
2.02481E+12,0.85,0.33,0.48
2.02481E+12,0.85,0.33,0.48
2.02481E+12,0.85,0.34,0.48
2.02481E+12,0.85,0.33,0.48
2.02481E+12,0.79,0.28,0.49
2.02481E+12,1.05,0.31,0.59
2.02481E+12,0.8,0.31,0.43
2.02481E+12,0.73,0.28,0.42
2.02481E+12,0.89,0.34,0.51
2.02481E+12,1,0.37,0.57
2.02481E+12,0.93,0.33,0.54
2.02481E+12,0.84,0.34,0.47
2.02481E+12,0.79,0.3,0.46
2.02481E+12,0.89,0.34,0.5
2.02481E+12,0.92,0.36,0.52
2.02481E+12,0.88,0.32,0.51
2.02481E+12,0.83,0.34,0.46
2.02481E+12,0.84,0.32,0.48
2.02481E+12,0.88,0.34,0.5
2.02481E+12,0.88,0.35,0.5
2.02481E+12,0.84,0.31,0.49
2.02481E+12,0.84,0.34,0.47
2.02481E+12,0.86,0.33,0.49
2.02481E+12,0.87,0.33,0.5
20248131600,0.86,0.34,0.48
20248131601,0.83,0.31,0.48
20248131602,0.86,0.34,0.48
20248131603,0.86,0.34,0.49
20248131604,0.86,0.32,0.49
20248131605,0.85,0.34,0.48
20248131606,0.85,0.32,0.48
20248131607,0.86,0.33,0.49
20248131608,0.86,0.34,0.48
20248131609,0.85,0.32,0.48
2.02481E+11,0.85,0.34,0.48
2.02481E+11,0.85,0.33,0.49
2.02481E+11,0.85,0.33,0.49
2.02481E+11,0.85,0.33,0.48
2.02481E+11,0.84,0.32,0.48
2.02481E+11,0.7,0.31,0.37
2.02481E+11,0.92,0.35,0.53
2.02481E+11,1.04,0.36,0.6
2.02481E+11,0.9,0.35,0.5
2.02481E+11,0.79,0.29,0.46
2.02481E+11,0.84,0.33,0.47
2.02481E+11,0.92,0.35,0.52
2.02481E+11,0.93,0.34,0.54
2.02481E+11,0.86,0.35,0.48
2.02481E+11,0.8,0.3,0.47
2.02481E+11,0.87,0.34,0.49
2.02481E+11,0.9,0.35,0.51
2.02481E+11,0.88,0.33,0.51
2.02481E+11,0.84,0.34,0.47
2.02481E+11,0.84,0.31,0.48
2.02481E+11,0.87,0.34,0.5
2.02481E+11,0.88,0.34,0.49
2.02481E+11,0.85,0.32,0.49
2.02481E+11,0.84,0.34,0.47
2.02481E+11,0.86,0.33,0.49
2.02481E+11,0.87,0.33,0.5
2.02481E+11,0.86,0.34,0.48
2.02481E+11,0.84,0.32,0.48
2.02481E+11,0.85,0.34,0.48
2.02481E+11,0.86,0.33,0.49
2.02481E+11,0.85,0.32,0.49
2.02481E+11,0.85,0.34,0.48
2.02481E+11,0.85,0.32,0.48
2.02481E+11,0.86,0.33,0.49
2.02481E+11,0.86,0.33,0.48
2.02481E+11,0.85,0.32,0.48
2.02481E+11,0.85,0.33,0.48
2.02481E+11,0.85,0.33,0.49
2.02481E+11,0.85,0.33,0.49
2.02481E+11,0.85,0.33,0.48
2.02481E+11,0.85,0.32,0.48
2.02481E+11,0.85,0.33,0.48
2.02481E+11,0.85,0.33,0.48
2.02481E+11,0.85,0.32,0.48
2.02481E+11,0.85,0.33,0.48
2.02481E+11,0.85,0.33,0.48
2.02481E+11,0.85,0.33,0.48
2.02481E+11,0.85,0.33,0.48
2.02481E+11,0.85,0.33,0.48
2.02481E+11,0.85,0.33,0.48
20248131610,0.85,0.33,0.48
20248131611,0.85,0.33,0.48
20248131612,0.85,0.33,0.48
20248131613,0.85,0.33,0.48
20248131614,0.85,0.33,0.48
20248131615,0.85,0.33,0.48
20248131616,0.85,0.32,0.62
20248131617,0.77,0.24,0.45
20248131618,0.7,0.3,0.37
20248131619,0.81,0.31,0.47
2.02481E+11,1.01,0.36,0.59
2.02481E+11,0.99,0.36,0.55
2.02481E+11,0.86,0.31,0.5
2.02481E+11,0.81,0.33,0.45
2.02481E+11,0.84,0.31,0.48
2.02481E+11,0.92,0.34,0.53
2.02481E+11,0.91,0.35,0.51
2.02481E+11,0.85,0.31,0.49
2.02481E+11,0.83,0.33,0.46
2.02481E+11,0.87,0.33,0.49
2.02481E+11,0.89,0.33,0.51
2.02481E+11,0.87,0.34,0.49
2.02481E+11,0.83,0.31,0.48
2.02481E+11,0.86,0.33,0.48
2.02481E+11,0.87,0.33,0.49
2.02481E+11,0.87,0.32,0.5
2.02481E+11,0.85,0.33,0.47
2.02481E+11,0.84,0.31,0.48
2.02481E+11,0.86,0.33,0.48
2.02481E+11,0.87,0.33,0.49
2.02481E+11,0.85,0.32,0.49
2.02481E+11,0.85,0.33,0.47
2.02481E+11,0.85,0.32,0.48
2.02481E+11,0.86,0.33,0.49
2.02481E+11,0.86,0.33,0.48
2.02481E+11,0.85,0.32,0.48
2.02481E+11,0.85,0.33,0.48
2.02481E+11,0.86,0.33,0.48
2.02481E+11,0.85,0.32,0.49
2.02481E+11,0.85,0.33,0.48
2.02481E+11,0.85,0.32,0.48
2.02481E+11,0.86,0.33,0.48
2.02481E+11,0.86,0.33,0.48
2.02481E+11,0.85,0.32,0.48
2.02481E+11,0.85,0.33,0.48
2.02481E+11,0.85,0.32,0.48
2.02481E+11,0.85,0.32,0.48
2.02481E+11,0.85,0.33,0.48
2.02481E+11,0.85,0.32,0.48
2.02481E+11,0.86,0.33,0.48
2.02481E+11,0.86,0.33,0.48
2.02481E+11,0.85,0.32,0.48
2.02481E+11,0.85,0.33,0.48
2.02481E+11,0.85,0.32,0.48
2.02481E+11,0.85,0.32,0.48
2.02481E+11,0.85,0.33,0.48
2.02481E+11,0.83,0.33,0.47
2.02481E+11,1,0.43,0.58
2.02481E+11,0.93,0.34,0.54
2.02481E+11,0.81,0.31,0.47
20248131620,0.88,0.34,0.5
20248131621,0.85,0.32,0.51
20248131622,0.85,0.34,0.48
20248131623,0.84,0.31,0.49
20248131624,0.85,0.33,0.5
20248131625,0.86,0.33,0.49
20248131626,0.85,0.32,0.49
20248131627,0.84,0.33,0.49
20248131628,0.85,0.32,0.49
20248131629,0.85,0.32,0.5
2.02481E+11,0.85,0.33,0.49
2.02481E+11,0.84,0.32,0.49
2.02481E+11,0.68,0.33,0.36
2.02481E+11,0.89,0.35,0.53
2.02481E+11,0.99,0.35,0.58
2.02481E+11,0.87,0.35,0.49
2.02481E+11,0.79,0.3,0.46
2.02481E+11,0.86,0.34,0.49
2.02481E+11,0.92,0.35,0.53
2.02481E+11,0.9,0.33,0.53
2.02481E+11,0.85,0.34,0.47
2.02481E+11,0.81,0.31,0.48
2.02481E+11,0.88,0.34,0.5
2.02481E+11,0.89,0.34,0.51
2.02481E+11,0.86,0.32,0.5
2.02481E+11,0.83,0.34,0.47
2.02481E+11,0.85,0.32,0.49
2.02481E+11,0.87,0.33,0.5
2.02481E+11,0.86,0.34,0.49
2.02481E+11,0.84,0.31,0.49
2.02481E+11,0.85,0.34,0.48
2.02481E+11,0.86,0.33,0.49
2.02481E+11,0.86,0.33,0.5
2.02481E+11,0.85,0.34,0.48
2.02481E+11,0.84,0.32,0.49
2.02481E+11,0.86,0.33,0.49
2.02481E+11,0.86,0.33,0.49
2.02481E+11,0.85,0.32,0.49
2.02481E+11,0.85,0.34,0.48
2.02481E+11,0.85,0.33,0.49
2.02481E+11,0.85,0.33,0.49
2.02481E+11,0.85,0.34,0.48
2.02481E+11,0.84,0.32,0.49
2.02481E+11,0.85,0.33,0.49
2.02481E+11,0.85,0.33,0.49
2.02481E+11,0.85,0.32,0.49
2.02481E+11,0.85,0.33,0.48
2.02481E+11,0.85,0.33,0.49
2.02481E+11,0.85,0.33,0.49
2.02481E+11,0.85,0.33,0.48
2.02481E+11,0.84,0.32,0.49
2.02481E+11,0.85,0.33,0.49
2.02481E+11,0.85,0.33,0.49
2.02481E+11,0.85,0.33,0.49
2.02481E+11,0.85,0.33,0.48
2.02481E+11,0.85,0.33,0.49
2.02481E+11,1.12,0.37,0.62
2.02481E+11,0.81,0.31,0.47
2.02481E+11,0.86,0.32,0.48
2.02481E+11,0.95,0.36,0.53
20248131630,0.93,0.33,0.55
20248131631,0.85,0.34,0.47
20248131632,0.8,0.3,0.46
20248131633,0.88,0.34,0.5
20248131634,0.91,0.35,0.51
20248131635,0.87,0.32,0.5
20248131636,0.83,0.34,0.47
20248131637,0.84,0.32,0.48
20248131638,0.88,0.33,0.5
20248131639,0.88,0.34,0.49
2.02481E+11,0.84,0.31,0.49
2.02481E+11,0.84,0.34,0.47
2.02481E+11,0.86,0.33,0.49
2.02481E+11,0.87,0.33,0.5
2.02481E+11,0.86,0.34,0.48
2.02481E+11,0.84,0.32,0.48
2.02481E+11,0.86,0.33,0.48
2.02481E+11,0.86,0.33,0.49
2.02481E+11,0.85,0.32,0.49
2.02481E+11,0.85,0.34,0.48
2.02481E+11,0.85,0.32,0.48
2.02481E+11,0.86,0.33,0.49
2.02481E+11,0.86,0.33,0.48
2.02481E+11,0.85,0.32,0.48
2.02481E+11,0.85,0.33,0.48
2.02481E+11,0.85,0.33,0.48
2.02481E+11,0.85,0.33,0.49
2.02481E+11,0.85,0.33,0.48
2.02481E+11,0.85,0.32,0.48
2.02481E+11,0.85,0.33,0.48
2.02481E+11,0.85,0.33,0.48
2.02481E+11,0.85,0.32,0.48
2.02481E+11,0.85,0.33,0.48
2.02481E+11,0.85,0.33,0.48
2.02481E+11,0.85,0.33,0.49
2.02481E+11,0.85,0.33,0.48
2.02481E+11,0.85,0.32,0.48
2.02481E+11,0.85,0.33,0.48
2.02481E+11,0.85,0.33,0.48
2.02481E+11,0.85,0.32,0.48
2.02481E+11,0.85,0.33,0.48
2.02481E+11,0.85,0.33,0.48
2.02481E+11,0.85,0.33,0.48
2.02481E+11,0.85,0.33,0.48
2.02481E+11,0.85,0.32,0.48
2.02481E+11,0.85,0.33,0.48
2.02481E+11,0.85,0.33,0.48
2.02481E+11,0.85,0.32,0.48
2.02481E+11,0.85,0.33,0.48
2.02481E+11,0.85,0.33,0.48
2.02481E+11,0.85,0.33,0.48
2.02481E+11,0.85,0.33,0.48
2.02481E+11,0.85,0.33,0.48
2.02481E+11,0.91,0.32,0.51
2.02481E+11,0.75,0.32,0.44
2.02481E+11,0.88,0.34,0.49
2.02481E+11,0.96,0.36,0.54
2.02481E+11,0.97,0.34,0.57
2.02481E+11,0.87,0.34,0.48
2.02481E+11,0.79,0.29,0.46
20248131640,0.87,0.34,0.49
20248131641,0.92,0.35,0.52
20248131642,0.89,0.33,0.52
20248131643,0.84,0.34,0.47
20248131644,0.82,0.31,0.48
20248131645,0.88,0.33,0.5
20248131646,0.89,0.34,0.5
20248131647,0.86,0.32,0.5
20248131648,0.84,0.33,0.47
20248131649,0.85,0.32,0.49
2.02481E+11,0.87,0.33,0.5
2.02481E+11,0.87,0.34,0.49
2.02481E+11,0.84,0.31,0.49
2.02481E+11,0.85,0.33,0.48
2.02481E+11,0.86,0.33,0.49
2.02481E+11,0.86,0.32,0.49
2.02481E+11,0.85,0.33,0.48
2.02481E+11,0.84,0.32,0.49
2.02481E+11,1.06,0.36,0.62
2.02481E+11,0.67,0.29,0.4
2.02481E+11,0.92,0.35,0.54
2.02481E+11,1.12,0.4,0.63
2.02481E+11,0.98,0.33,0.57
2.02481E+11,0.86,0.34,0.47
2.02481E+11,0.77,0.29,0.45
2.02481E+11,0.88,0.33,0.53
2.02481E+11,0.96,0.36,0.55
2.02481E+11,0.91,0.32,0.53
2.02481E+11,0.84,0.34,0.46
2.02481E+11,0.81,0.3,0.47
2.02481E+11,0.89,0.34,0.5
2.02481E+11,0.9,0.35,0.51
2.02481E+11,0.86,0.32,0.5
2.02481E+11,0.83,0.33,0.46
2.02481E+11,0.85,0.32,0.49
2.02481E+11,0.88,0.33,0.5
2.02481E+11,0.88,0.34,0.49
2.02481E+11,0.84,0.31,0.49
2.02481E+11,0.85,0.33,0.47
2.02481E+11,0.86,0.33,0.49
2.02481E+11,0.87,0.33,0.5
2.02481E+11,0.86,0.33,0.48
2.02481E+11,0.84,0.31,0.48
2.02481E+11,0.86,0.33,0.48
2.02481E+11,0.86,0.33,0.49
2.02481E+11,0.85,0.32,0.49
2.02481E+11,0.85,0.33,0.48
2.02481E+11,0.85,0.32,0.48
2.02481E+11,0.86,0.33,0.49
2.02481E+11,0.86,0.33,0.48
2.02481E+11,0.84,0.32,0.48
2.02481E+11,0.85,0.33,0.48
2.02481E+11,0.85,0.33,0.49
2.02481E+11,0.85,0.32,0.49
2.02481E+11,0.85,0.33,0.48
2.02481E+11,0.85,0.32,0.48
2.02481E+11,0.85,0.33,0.48
2.02481E+11,0.86,0.33,0.48
2.02481E+11,0.85,0.32,0.49
2.02481E+11,0.85,0.33,0.48
20248131650,0.85,0.32,0.48
20248131651,0.85,0.33,0.48
20248131652,0.85,0.33,0.48
20248131653,0.85,0.32,0.48
20248131654,0.85,0.33,0.48
20248131655,0.85,0.33,0.48
20248131656,0.85,0.32,0.48
20248131657,0.85,0.33,0.48
20248131658,0.85,0.33,0.48
20248131659,0.85,0.32,0.48
2.02481E+11,0.94,0.36,0.55
2.02481E+11,1.09,0.4,0.6
2.02481E+11,0.86,0.3,0.51
2.02481E+11,0.81,0.33,0.45
2.02481E+11,0.82,0.31,0.47
2.02481E+11,0.9,0.34,0.52
2.02481E+11,0.92,0.35,0.52
2.02481E+11,0.85,0.31,0.5
2.02481E+11,0.83,0.33,0.46
2.02481E+11,0.86,0.32,0.49
2.02481E+11,0.89,0.33,0.51
2.02481E+11,0.88,0.34,0.49
2.02481E+11,0.83,0.31,0.48
2.02481E+11,0.85,0.33,0.47
2.02481E+11,0.87,0.33,0.49
2.02481E+11,0.87,0.33,0.5
2.02481E+11,0.86,0.33,0.48
2.02481E+11,0.83,0.31,0.48
2.02481E+11,0.86,0.33,0.48
2.02481E+11,0.87,0.33,0.49
2.02481E+11,0.85,0.32,0.49
2.02481E+11,0.74,0.32,0.41
2.02481E+11,0.79,0.29,0.44
2.02481E+11,0.93,0.34,0.53
2.02481E+11,0.95,0.36,0.54
2.02481E+11,0.85,0.31,0.49
2.02481E+11,0.82,0.33,0.45
2.02481E+11,0.86,0.32,0.49
2.02481E+11,0.9,0.33,0.52
2.02481E+11,0.89,0.35,0.5
2.02481E+11,0.83,0.31,0.48
2.02481E+11,0.84,0.33,0.47
2.02481E+11,0.87,0.33,0.5
2.02481E+11,0.88,0.33,0.51
2.02481E+11,0.86,0.34,0.48
2.02481E+11,0.83,0.31,0.48
2.02481E+11,0.86,0.34,0.48
2.02481E+11,0.87,0.33,0.49
2.02481E+11,0.86,0.32,0.49
2.02481E+11,0.85,0.33,0.47
2.02481E+11,0.85,0.32,0.48
2.02481E+11,0.86,0.33,0.49
2.02481E+11,0.86,0.33,0.48
2.02481E+11,0.85,0.32,0.49
2.02481E+11,0.85,0.33,0.48
2.02481E+11,0.85,0.33,0.49
2.02481E+11,0.86,0.33,0.49
2.02481E+11,0.85,0.33,0.48
2.02481E+11,0.84,0.32,0.48
20248131660,0.85,0.33,0.48
20248131661,0.86,0.33,0.48
20248131662,0.85,0.32,0.49
20248131663,0.85,0.33,0.48
20248131664,0.85,0.32,0.49
20248131665,0.85,0.33,0.49
20248131666,0.85,0.33,0.48
20248131667,0.85,0.32,0.48
20248131668,0.85,0.33,0.48
20248131669,1.36,0.4,0.86
2.02481E+11,0.93,0.33,0.57
2.02481E+11,0.87,0.33,0.46
2.02481E+11,0.78,0.28,0.46
2.02481E+11,0.87,0.34,0.51
2.02481E+11,0.93,0.35,0.53
2.02481E+11,0.9,0.32,0.52
2.02481E+11,0.84,0.34,0.48
2.02481E+11,0.82,0.3,0.48
2.02481E+11,0.88,0.33,0.5
2.02481E+11,0.89,0.34,0.51
2.02481E+11,0.87,0.31,0.49
2.02481E+11,0.84,0.33,0.47
2.02481E+11,0.85,0.32,0.5
2.02481E+11,0.87,0.32,0.5
2.02481E+11,0.87,0.34,0.49
2.02481E+11,0.84,0.31,0.49
2.02481E+11,0.85,0.33,0.48
2.02481E+11,0.86,0.33,0.5
2.02481E+11,0.86,0.32,0.5
2.02481E+11,0.85,0.33,0.49
2.02481E+11,0.84,0.31,0.49
