time,x,y,z
1,0.01,1.01,-0.07
2,0.99,0.71,0.59
3,0.52,0.38,0.71
4,0.71,0.25,0.73
5,0.7,0.33,0.7
6,0.69,0.31,0.71
7,0.6,0.34,0.71
8,0.66,0.23,0.72
9,0.66,0.19,0.87
10,0.87,0.26,0.89
11,0.72,0.23,0.74
12,0.8,0.24,0.7
13,0.55,0.3,0.55
14,0.22,0.19,0.45
15,0.62,0.27,0.76
16,0.63,0.41,0.72
17,0.71,0.39,0.68
18,0.62,0.43,0.71
19,0.72,0.39,0.68
20,0.65,0.34,0.77
21,0.6,0.42,0.75
22,0.7,0.44,0.7
23,0.66,0.45,0.75
24,0.57,0.35,0.77
25,0.55,0.4,0.72
26,0.61,0.35,0.75
27,0.71,0.32,0.78
28,0.66,0.3,0.74
29,0.63,0.28,0.7
30,0.66,0.28,0.71
31,0.67,0.29,0.78
32,0.59,0.26,0.73
33,0.78,0.31,0.86
34,0.51,0.21,0.64
35,0.72,0.27,0.78
36,0.68,0.28,0.77
37,0.67,0.28,0.76
38,0.66,0.26,0.75
39,0.65,0.25,0.73
40,0.66,0.27,0.75
41,0.65,0.27,0.74
42,0.66,0.27,0.75
43,-0.05,0.05,0.14
44,0.92,0.33,0.89
45,0.68,0.26,0.73
46,0.64,0.28,0.73
47,1.08,0.24,0.93
48,1.06,0.32,0.98
49,0.44,0.25,0.55
50,0.77,0.31,0.82
51,0.75,0.29,0.76
52,0.62,0.3,0.67
53,0.73,0.31,0.77
54,1.19,0.37,0.91
55,1.27,0.34,0.89
56,0.4,0.2,0.51
57,0.74,0.3,0.76
58,0.75,0.32,0.74
59,0.62,0.26,0.67
60,0.74,0.31,0.75
61,0.68,0.32,0.68
62,0.69,0.3,0.71
63,0.7,0.3,0.72
64,0.69,0.32,0.69
65,0.7,0.32,0.71
66,0.68,0.29,0.7
67,0.7,0.31,0.71
68,0.69,0.32,0.69
69,0.69,0.31,0.7
70,0.69,0.3,0.7
71,0.69,0.31,0.7
72,0.69,0.31,0.7
73,0.69,0.3,0.7
74,0.69,0.3,0.7
75,0.69,0.31,0.7
76,0.69,0.31,0.7
77,0.69,0.3,0.7
78,0.69,0.31,0.7
79,0.69,0.31,0.7
80,1.25,0.37,0.94
81,0.26,0.22,0.28
82,1.08,0.37,0.89
83,0.87,0.34,0.82
84,0.66,0.32,0.61
85,0.72,0.32,0.69
86,0.78,0.33,0.75
87,0.7,0.33,0.65
88,0.62,0.34,0.48
89,1.12,0.36,0.95
90,0.7,0.33,0.66
91,0.62,0.3,0.61
92,0.76,0.33,0.72
93,0.73,0.35,0.68
94,0.69,0.31,0.67
95,0.73,0.33,0.7
96,0.71,0.34,0.66
97,0.77,0.33,0.7
98,0.66,0.32,0.65
99,0.74,0.34,0.66
100,0.73,0.33,0.72
101,0.71,0.31,0.68
102,0.72,0.34,0.67
103,0.79,0.37,0.78
104,0.45,0.3,0.51
105,0.44,0.24,0.53
106,0.8,0.34,0.67
107,0.64,0.29,0.65
108,0.64,0.25,0.58
109,0.58,0.25,0.46
110,0.26,0.22,0.42
111,0.66,0.36,0.63
112,0.68,0.33,0.55
113,0.82,0.36,0.7
114,0.76,0.36,0.65
115,0.71,0.34,0.6
116,0.72,0.35,0.59
117,0.4,0.27,0.39
118,0.79,0.35,0.65
119,0.84,0.37,0.69
120,0.77,0.38,0.59
121,1.04,0.42,0.63
122,0.73,0.31,0.55
123,0.8,0.35,0.68
124,0.76,0.36,0.63
125,0.54,0.33,0.5
126,0.5,0.27,0.37
127,0.77,0.36,0.57
128,1.3,0.43,0.81
129,0.69,0.39,0.58
130,0.74,0.4,0.58
131,0.73,0.4,0.59
132,0.24,0.21,0.35
133,0.92,0.4,0.73
134,2.03,0.47,0.99
135,0.83,0.29,0.67
136,0.35,0.27,0.41
137,0.04,0.12,0.3
138,0.11,0.12,0.39
139,0.6,0.29,0.57
140,1.31,0.48,0.81
141,1.74,0.47,0.96
142,1.9,0.45,1.03
143,1.25,0.4,1.01
144,0.33,0.29,0.41
145,0.73,0.34,0.56
146,0.28,0.21,0.3
147,0.62,0.26,0.62
148,0.54,0.29,0.42
149,0.83,0.36,0.57
150,0.91,0.39,0.65
151,1.37,0.48,1.09
152,1.61,0.43,0.9
153,0.36,0.27,0.32
154,0.23,0.17,0.32
155,0.34,0.25,0.37
156,0.79,0.37,0.59
157,0.65,0.34,0.48
158,0.44,0.26,0.35
159,0.52,0.34,0.38
160,0.67,0.34,0.46
161,1.08,0.44,0.72
162,0.69,0.34,0.46
163,1.04,0.43,0.66
164,0.59,0.25,0.39
165,0.19,0.19,0.21
166,1.14,0.44,0.74
167,1.16,0.4,0.73
168,0.42,0.28,0.38
169,1.31,0.43,0.78
170,0.58,0.29,0.41
171,0.8,0.4,0.57
172,1.2,0.46,0.7
173,0.54,0.32,0.37
174,0.67,0.34,0.45
175,0.7,0.36,0.45
176,0.59,0.28,0.43
177,1.79,0.46,0.92
178,0.71,0.38,0.42
179,1.14,0.47,0.71
180,0.79,0.31,0.48
181,0.45,0.32,0.29
182,1.46,0.46,0.86
183,0.35,0.27,0.29
184,0.82,0.31,0.54
185,0.31,0.21,0.27
186,0.72,0.31,0.65
187,0.24,0.22,0.24
188,0.84,0.33,0.53
189,0.65,0.35,0.53
190,0.82,0.38,0.44
191,0.24,0.21,0.17
192,1.71,0.45,0.93
193,0.17,0.23,0.21
194,0.77,0.39,0.71
195,0.69,0.34,0.5
196,0.48,0.25,0.35
197,0.3,0.2,0.47
198,0.75,0.37,0.5
199,0.61,0.37,0.54
200,0.91,0.41,0.62
201,0.77,0.37,0.53
202,0.75,0.38,0.52
203,0.8,0.38,0.54
204,0.85,0.39,0.58
205,0.93,0.39,0.69
206,1.29,0.44,0.66
207,1.11,0.36,0.5
208,0.85,0.4,0.57
209,0.75,0.4,0.51
210,0.8,0.4,0.54
211,0.8,0.41,0.48
212,1.28,0.49,0.67
213,1.15,0.49,0.68
214,0.86,0.34,0.6
215,0.8,0.42,0.61
216,0.96,0.4,0.68
217,0.45,0.37,0.4
218,0.96,0.41,0.6
219,0.96,0.43,0.61
220,0.78,0.39,0.51
221,0.7,0.41,0.44
222,0.64,0.43,0.49
223,0.73,0.35,0.48
224,0.77,0.39,0.51
225,0.83,0.43,0.55
226,0.82,0.4,0.54
227,0.64,0.39,0.47
228,0.81,0.35,0.58
229,1.04,0.44,0.6
230,0.91,0.41,0.54
231,0.85,0.39,0.53
232,0.79,0.38,0.54
233,1.14,0.38,0.7
234,0.89,0.42,0.55
235,0.44,0.35,0.29
236,0.75,0.33,0.46
237,0.75,0.44,0.39
238,0.88,0.39,0.57
239,0.76,0.35,0.44
240,0.83,0.39,0.54
241,0.77,0.35,0.55
242,0.81,0.38,0.52
243,0.73,0.39,0.49
244,0.82,0.39,0.52
245,0.74,0.38,0.51
246,0.77,0.39,0.49
247,0.59,0.33,0.45
248,0.84,0.38,0.57
249,1.01,0.38,0.6
250,0.76,0.39,0.47
251,1.1,0.42,0.67
252,0.88,0.39,0.51
253,1.01,0.39,0.62
254,0.76,0.37,0.48
255,0.76,0.35,0.5
256,0.82,0.37,0.53
257,0.85,0.39,0.53
258,0.82,0.37,0.53
259,0.8,0.38,0.51
260,0.82,0.37,0.53
261,0.82,0.38,0.53
262,0.81,0.38,0.52
263,0.8,0.36,0.52
264,0.88,0.3,0.6
265,1.03,0.42,0.62
266,0.54,0.29,0.27
267,0.76,0.28,0.59
268,0.84,0.35,0.58
269,0.98,0.59,0.59
270,0.94,0.33,0.71
271,0.83,0.4,0.52
272,0.65,0.28,0.43
273,0.75,0.33,0.5
274,0.72,0.33,0.5
275,0.65,0.28,0.47
276,1.11,0.4,0.73
277,0.92,0.39,0.65
278,0.81,0.4,0.51
279,0.93,0.37,0.6
280,1.03,0.35,0.79
281,0.63,0.34,0.47
282,1.04,0.38,0.68
283,0.67,0.31,0.47
284,0.81,0.34,0.62
285,0.91,0.37,0.62
286,0.81,0.33,0.57
287,0.83,0.34,0.54
288,0.86,-0.11,1.64
289,0.71,0.34,0.47
290,0.83,0.33,0.57
291,0.78,0.33,0.64
292,0.94,0.33,0.69
293,0.74,0.26,0.75
294,0.72,0.33,0.5
295,0.76,0.34,0.47
296,0.96,0.39,0.56
297,0.53,0.27,0.43
298,0.62,0.27,0.51
299,0.95,0.35,0.69
300,0.69,0.27,0.53
301,0.82,0.38,0.51
302,0.98,0.39,0.56
303,0.86,0.35,0.49
304,0.81,0.35,0.64
305,0.48,0.11,0.41
306,0.56,0.01,0.78
307,0.74,0.32,0.65
308,0.74,0.36,0.61
309,0.73,0.38,0.61
310,0.74,0.37,0.61
311,0.77,0.36,0.62
312,0.75,0.32,0.53
313,0.79,0.34,0.56
314,0.82,0.35,0.57
315,0.68,0.37,0.45
316,0.61,0.29,0.44
317,0.77,0.33,0.55
318,0.88,0.37,0.58
319,0.8,0.32,0.55
320,0.79,0.36,0.54
321,0.84,0.35,0.57
322,0.92,0.34,0.69
323,0.69,0.34,0.48
324,0.85,0.31,0.53
325,0.43,0.27,0.27
326,0.8,0.35,0.49
327,0.98,0.38,0.61
328,1.47,0.27,0.66
329,1.12,0.42,0.64
330,0.93,0.37,0.57
331,0.84,0.36,0.51
332,0.82,0.33,0.51
333,0.85,0.35,0.53
334,0.85,0.35,0.52
335,0.81,0.32,0.51
336,0.83,0.35,0.5
337,0.85,0.35,0.53
338,2.84,0.3,1.53
339,1.03,0.41,0.66
340,0.67,0.36,0.41
341,0.88,0.41,0.51
342,0.92,0.42,0.54
343,0.86,0.38,0.51
344,0.8,0.39,0.46
345,0.81,0.37,0.49
346,0.86,0.4,0.5
347,0.85,0.4,0.49
348,0.81,0.37,0.49
349,0.82,0.39,0.47
350,0.92,0.44,0.43
351,0.84,0.38,0.49
352,0.77,0.36,0.47
353,0.88,0.39,0.52
354,0.87,0.4,0.51
355,0.82,0.36,0.49
356,0.81,0.39,0.48
357,1.39,0.44,0.82
358,1.02,0.4,0.64
359,0.83,0.35,0.47
360,0.75,0.32,0.46
361,0.82,0.37,0.49
362,0.91,0.38,0.53
363,0.92,0.37,0.55
364,0.83,0.37,0.48
365,0.79,0.33,0.48
366,0.84,0.37,0.5
367,0.88,0.38,0.52
368,0.51,0.28,0.27
369,0.88,0.38,0.52
370,1,0.41,0.57
371,0.94,0.37,0.56
372,0.82,0.37,0.46
373,0.75,0.32,0.49
374,1.17,0.47,0.76
375,1.04,0.36,0.41
376,0.98,0.35,0.54
377,0.8,0.35,0.44
378,0.78,0.32,0.46
379,0.88,0.37,0.51
380,0.93,0.38,0.52
381,0.86,0.34,0.5
382,0.82,0.36,0.45
383,0.6,0.28,0.31
384,0.77,0.32,0.48
385,0.82,0.39,0.44
386,1.19,0.32,0.74
387,0.7,0.34,0.38
388,0.85,0.36,0.52
389,0.87,0.36,0.52
390,0.94,0.39,0.59
391,0.67,0.28,0.37
392,0.87,0.38,0.53
393,0.85,0.36,0.49
394,0.52,0.21,0.28
395,0.77,0.36,0.43
396,0.87,0.39,0.54
397,0.76,0.34,0.47
398,0.87,0.38,0.52
399,0.88,0.38,0.52
400,0.8,0.35,0.5
401,0.83,0.36,0.48
402,0.86,0.38,0.52
403,0.84,0.37,0.52
404,0.81,0.36,0.47
405,0.83,0.37,0.51
406,0.85,0.37,0.52
407,0.83,0.36,0.48
408,0.71,0.35,0.48
409,0.9,0.37,0.57
410,0.96,0.39,0.55
411,0.83,0.36,0.53
412,0.79,0.34,0.45
413,0.89,0.39,0.53
414,0.88,0.38,0.55
415,0.82,0.35,0.47
416,0.8,0.36,0.5
417,0.86,0.37,0.53
418,0.86,0.37,0.5
419,0.79,0.36,0.5
420,0.84,0.37,0.5
421,0.85,0.37,0.51
422,0.82,0.37,0.51
423,1.91,0.5,0.89
424,0.58,0.3,0.37
425,0.85,0.4,0.49
426,1.02,0.43,0.61
427,0.92,0.36,0.52
428,0.79,0.37,0.47
429,0.8,0.34,0.46
430,0.92,0.38,0.53
431,0.89,0.39,0.52
432,0.81,0.34,0.45
433,0.81,0.37,0.49
434,0.88,0.39,0.51
435,0.88,0.37,0.5
436,0.81,0.37,0.49
437,0.83,0.36,0.47
438,0.86,0.37,0.5
439,0.85,0.38,0.5
440,0.82,0.35,0.46
441,0.83,0.37,0.49
442,0.02,0.32,0.3
443,1.76,0.46,0.92
444,0.95,0.42,0.58
445,0.73,0.31,0.41
446,0.85,0.36,0.48
447,0.96,0.4,0.56
448,0.91,0.36,0.51
449,0.8,0.37,0.47
450,0.82,0.35,0.46
451,0.9,0.37,0.52
452,0.88,0.39,0.51
453,0.81,0.34,0.46
454,0.82,0.37,0.48
455,0.87,0.38,0.51
456,0.88,0.36,0.5
457,0.82,0.37,0.49
458,0.83,0.35,0.47
459,0.86,0.37,0.5
460,0.85,0.38,0.5
461,0.83,0.35,0.47
462,1.21,0.53,0.63
463,0.99,0.39,0.6
464,1.07,0.4,0.63
465,0.99,0.4,0.57
466,0.83,0.33,0.46
467,0.76,0.35,0.45
468,0.88,0.37,0.5
469,0.94,0.37,0.54
470,0.86,0.38,0.5
471,0.8,0.32,0.45
472,0.85,0.37,0.49
473,0.89,0.38,0.52
474,0.87,0.35,0.49
475,0.81,0.37,0.48
476,0.84,0.35,0.48
477,0.87,0.36,0.5
478,0.85,0.37,0.49
479,0.82,0.34,0.47
480,0.84,0.37,0.49
481,0.86,0.37,0.5
482,0.85,0.35,0.48
483,0.82,0.37,0.48
484,0.84,0.35,0.48
485,1.04,0.42,0.58
486,0.99,0.42,0.6
487,0.82,0.34,0.48
488,0.78,0.36,0.46
489,0.9,0.38,0.51
490,0.93,0.37,0.53
491,0.84,0.38,0.49
492,0.8,0.33,0.45
493,0.87,0.38,0.5
494,0.89,0.38,0.52
495,0.85,0.35,0.48
496,0.81,0.37,0.47
497,0.85,0.36,0.48
498,0.87,0.36,0.5
499,0.84,0.38,0.49
500,0.82,0.34,0.46
501,0.85,0.37,0.49
502,0.86,0.37,0.5
503,0.84,0.35,0.48
504,0.82,0.37,0.48
505,0.85,0.36,0.48
506,0.85,0.36,0.49
507,0.83,0.37,0.48
508,0.83,0.35,0.47
509,0.84,0.37,0.49
510,0.85,0.37,0.49
511,0.84,0.35,0.48
512,0.83,0.37,0.48
513,0.84,0.36,0.48
514,0.84,0.36,0.48
515,0.83,0.37,0.48
516,0.55,0.12,0.34
517,1.22,0.37,0.67
518,0.85,0.37,0.51
519,0.69,0.3,0.39
520,0.85,0.36,0.48
521,1.03,0.41,0.6
522,0.94,0.35,0.53
523,0.81,0.37,0.47
524,0.79,0.32,0.44
525,0.92,0.37,0.52
526,0.92,0.39,0.53
527,0.83,0.33,0.47
528,0.8,0.36,0.47
529,0.87,0.37,0.5
530,0.9,0.36,0.51
531,0.84,0.38,0.49
532,0.82,0.33,0.46
533,0.86,0.37,0.49
534,0.88,0.37,0.51
535,0.85,0.35,0.48
536,0.82,0.37,0.48
537,0.85,0.36,0.48
538,0.86,0.36,0.49
539,0.84,0.37,0.48
540,0.83,0.34,0.47
541,0.85,0.37,0.49
542,0.85,0.37,0.49
543,0.84,0.35,0.48
544,0.83,0.37,0.48
545,0.85,0.36,0.48
546,0.85,0.36,0.48
547,0.84,0.37,0.48
548,0.84,0.35,0.47
549,0.6,0.27,0.36
550,1.15,0.43,0.66
551,1.02,0.36,0.58
552,0.82,0.37,0.47
553,0.74,0.3,0.42
554,0.93,0.37,0.52
555,0.99,0.4,0.57
556,0.88,0.34,0.49
557,0.78,0.36,0.46
558,0.84,0.34,0.47
559,0.92,0.37,0.52
560,0.89,0.38,0.51
561,0.81,0.32,0.46
562,0.83,0.37,0.48
563,0.88,0.37,0.51
564,0.89,0.36,0.5
565,0.83,0.37,0.48
566,0.83,0.34,0.47
567,0.87,0.36,0.5
568,0.87,0.37,0.5
569,0.84,0.34,0.47
570,0.83,0.37,0.48
571,0.86,0.36,0.49
572,0.86,0.35,0.49
573,0.83,0.37,0.48
574,0.84,0.34,0.47
575,0.85,0.36,0.49
576,0.85,0.36,0.49
577,0.84,0.34,0.48
578,0.94,0.4,0.49
579,0.93,0.37,0.53
580,0.95,0.36,0.54
581,0.92,0.38,0.52
582,0.8,0.32,0.46
583,0.8,0.36,0.47
584,0.9,0.37,0.52
585,0.92,0.36,0.53
586,0.85,0.37,0.49
587,0.8,0.32,0.46
588,0.87,0.37,0.5
589,0.89,0.37,0.52
590,0.86,0.34,0.49
591,0.81,0.36,0.47
592,0.85,0.35,0.48
593,0.87,0.36,0.5
594,0.85,0.37,0.49
595,0.82,0.33,0.47
596,0.84,0.36,0.49
597,0.86,0.36,0.5
598,0.85,0.35,0.49
599,0.83,0.36,0.48
600,0.84,0.34,0.48
601,0.86,0.36,0.49
602,0.86,0.33,0.53
603,1.23,0.43,0.68
604,0.9,0.35,0.52
605,0.72,0.31,0.42
606,0.85,0.36,0.5
607,0.94,0.39,0.54
608,0.91,0.35,0.52
609,0.81,0.36,0.48
610,0.83,0.34,0.46
611,0.89,0.36,0.52
612,0.88,0.38,0.52
613,0.82,0.33,0.46
614,0.82,0.36,0.48
615,0.87,0.36,0.51
616,0.87,0.35,0.5
617,0.82,0.36,0.49
618,0.83,0.34,0.47
619,0.86,0.36,0.5
620,0.85,0.37,0.5
621,0.83,0.34,0.47
622,0.83,0.36,0.49
623,0.85,0.36,0.5
624,0.85,0.35,0.49
625,0.83,0.36,0.49
626,0.84,0.35,0.48
627,0.85,0.36,0.49
628,0.84,0.36,0.49
629,0.83,0.34,0.48
630,0.84,0.36,0.49
631,0.85,0.36,0.49
632,0.84,0.35,0.48
633,0.83,0.36,0.49
634,0.84,0.35,0.49
635,0.84,0.35,0.49
636,0.94,0.28,0.51
637,0.94,0.34,0.58
638,0.78,0.34,0.44
639,0.81,0.32,0.45
640,0.91,0.37,0.53
641,0.88,0.38,0.52
642,0.82,0.33,0.46
643,0.82,0.36,0.48
644,0.88,0.36,0.51
645,0.88,0.35,0.5
646,0.83,0.37,0.48
647,0.83,0.34,0.47
648,0.86,0.36,0.5
649,0.86,0.37,0.5
650,0.84,0.34,0.48
651,0.83,0.36,0.48
652,0.85,0.36,0.49
653,0.86,0.35,0.49
654,0.83,0.36,0.48
655,0.84,0.34,0.48
656,0.85,0.36,0.49
657,1.07,0.29,0.66
658,1.19,0.35,0.71
659,0.8,0.35,0.47
660,0.79,0.31,0.43
661,0.9,0.36,0.52
662,0.94,0.39,0.55
663,0.85,0.33,0.48
664,0.8,0.36,0.46
665,0.86,0.35,0.49
666,0.9,0.36,0.52
667,0.86,0.37,0.5
668,0.81,0.32,0.47
669,0.85,0.36,0.49
670,0.88,0.36,0.51
671,0.87,0.35,0.49
672,0.83,0.36,0.48
673,0.84,0.34,0.48
674,1.31,0.47,0.71
675,1.04,0.41,0.62
676,0.79,0.31,0.45
677,0.77,0.34,0.44
678,0.89,0.36,0.51
679,0.94,0.36,0.54
680,0.86,0.37,0.5
681,0.8,0.31,0.46
682,0.86,0.36,0.49
683,0.73,0.39,0.46
684,1.44,0.46,0.75
685,0.93,0.38,0.55
686,0.74,0.29,0.42
687,0.83,0.35,0.47
688,0.97,0.39,0.56
689,0.95,0.35,0.55
690,0.83,0.36,0.48
691,0.79,0.31,0.45
692,0.89,0.36,0.51
693,0.91,0.38,0.53
694,0.86,0.33,0.49
695,0.81,0.36,0.47
696,0.85,0.34,0.49
697,0.88,0.35,0.51
698,0.86,0.37,0.49
699,0.82,0.32,0.47
700,0.84,0.36,0.49
701,0.87,0.36,0.5
702,0.86,0.34,0.49
703,0.83,0.36,0.48
704,0.84,0.34,0.48
705,0.86,0.35,0.5
706,0.85,0.36,0.49
707,0.83,0.33,0.48
708,0.84,0.36,0.48
709,0.85,0.35,0.49
710,0.85,0.34,0.49
711,0.84,0.36,0.48
712,0.84,0.34,0.48
713,0.88,0.34,0.48
714,0.93,0.33,0.49
715,0.78,0.33,0.41
716,0.83,0.36,0.49
717,0.93,0.37,0.54
718,0.93,0.35,0.53
719,0.84,0.36,0.48
720,0.8,0.31,0.46
721,0.87,0.36,0.5
722,0.9,0.37,0.52
723,0.86,0.34,0.5
724,0.81,0.36,0.47
725,0.85,0.34,0.48
726,0.87,0.35,0.51
727,0.86,0.36,0.49
728,0.83,0.33,0.47
729,0.84,0.36,0.49
730,0.86,0.35,0.5
731,0.86,0.34,0.49
732,0.83,0.36,0.48
733,0.84,0.34,0.48
734,0.86,0.35,0.49
735,0.85,0.36,0.49
736,0.83,0.3,0.51
737,0.76,0.34,0.41
738,1.1,0.38,0.64
739,0.83,0.35,0.49
740,0.79,0.31,0.44
741,0.87,0.35,0.5
742,0.94,0.38,0.55
743,0.89,0.34,0.51
744,0.81,0.36,0.47
745,0.83,0.33,0.47
746,0.89,0.36,0.51
747,0.88,0.37,0.51
748,0.83,0.33,0.48
749,0.83,0.36,0.47
750,0.87,0.35,0.5
751,0.87,0.35,0.5
752,0.84,0.36,0.48
753,0.83,0.33,0.47
754,0.86,0.36,0.49
755,0.86,0.36,0.5
756,0.84,0.34,0.48
757,0.83,0.36,0.48
758,0.85,0.34,0.49
759,0.86,0.35,0.49
760,0.84,0.36,0.48
761,0.83,0.34,0.48
762,0.85,0.36,0.49
763,0.85,0.35,0.49
764,0.84,0.34,0.48
765,0.84,0.36,0.48
766,0.85,0.34,0.49
767,0.85,0.35,0.49
768,0.78,0.34,0.54
769,0.6,0.33,0.41
770,0.89,0.42,0.48
771,1.16,0.42,0.63
772,0.75,0.3,0.48
773,0.85,0.36,0.49
774,0.88,0.35,0.5
775,0.88,0.35,0.53
776,0.86,0.36,0.49
777,0.84,0.32,0.48
778,0.84,0.35,0.51
779,0.87,0.36,0.5
780,0.86,0.33,0.5
781,0.82,0.35,0.49
782,0.85,0.34,0.48
783,0.86,0.34,0.5
784,0.85,0.35,0.5
785,0.84,0.33,0.48
786,0.84,0.35,0.49
787,0.85,0.35,0.5
788,0.85,0.34,0.49
789,0.84,0.35,0.49
790,0.84,0.33,0.49
791,0.85,0.34,0.49
792,0.84,0.35,0.49
793,0.84,0.33,0.49
794,0.65,0.28,0.42
795,1.13,0.41,0.65
796,1.01,0.34,0.59
797,0.82,0.35,0.47
798,0.76,0.3,0.44
799,0.91,0.35,0.53
800,0.97,0.38,0.56
801,0.88,0.33,0.51
802,0.8,0.35,0.46
803,0.83,0.32,0.48
804,0.9,0.35,0.52
805,0.89,0.37,0.52
806,0.83,0.32,0.48
807,0.82,0.35,0.48
808,0.87,0.35,0.5
809,0.88,0.34,0.51
810,0.85,0.36,0.49
811,0.82,0.32,0.47
812,0.86,0.35,0.49
813,0.87,0.35,0.5
814,0.85,0.33,0.49
815,0.83,0.35,0.48
816,0.85,0.33,0.49
817,0.86,0.34,0.5
818,0.85,0.35,0.49
819,0.83,0.33,0.48
820,0.85,0.35,0.49
821,0.87,0.26,0.56
822,0.74,0.27,0.45
823,0.81,0.36,0.45
824,0.81,0.33,0.48
825,0.92,0.36,0.53
826,0.91,0.37,0.52
827,0.83,0.32,0.48
828,0.81,0.35,0.47
829,0.87,0.34,0.5
830,0.9,0.35,0.52
831,0.86,0.36,0.49
832,0.82,0.31,0.47
833,0.85,0.35,0.49
834,0.88,0.35,0.51
835,0.86,0.34,0.5
836,0.83,0.35,0.48
837,0.84,0.33,0.48
838,0.86,0.35,0.5
839,0.86,0.35,0.49
840,0.84,0.33,0.48
841,0.84,0.35,0.48
842,0.85,0.34,0.49
843,0.85,0.34,0.49
844,0.84,0.35,0.48
845,0.84,0.33,0.48
846,0.85,0.34,0.49
847,0.85,0.35,0.49
848,0.84,0.33,0.48
849,0.84,0.35,0.48
850,0.85,0.34,0.49
851,0.85,0.34,0.49
852,0.84,0.35,0.48
853,0.84,0.33,0.49
854,1.29,0.41,0.67
855,0.65,0.31,0.42
856,0.85,0.37,0.49
857,0.96,0.37,0.54
858,0.98,0.36,0.57
859,0.88,0.36,0.48
860,0.79,0.3,0.46
861,0.86,0.35,0.48
862,0.92,0.37,0.52
863,0.91,0.34,0.52
864,0.84,0.36,0.47
865,0.81,0.31,0.46
866,0.88,0.35,0.5
867,0.89,0.36,0.51
868,0.86,0.33,0.49
869,0.83,0.35,0.47
870,0.85,0.34,0.48
871,0.87,0.34,0.5
872,0.86,0.36,0.48
873,0.83,0.32,0.48
874,0.85,0.35,0.48
875,0.86,0.35,0.49
876,0.86,0.34,0.49
877,0.84,0.35,0.47
878,0.84,0.33,0.48
879,0.86,0.34,0.49
880,0.86,0.35,0.48
881,0.84,0.33,0.48
882,0.85,0.35,0.48
883,0.85,0.34,0.48
884,0.85,0.34,0.48
885,0.85,0.35,0.48
886,0.84,0.33,0.48
887,0.85,0.34,0.48
888,0.97,0.34,0.55
889,0.71,0.32,0.42
890,0.84,0.37,0.48
891,0.93,0.36,0.53
892,0.99,0.36,0.58
893,0.89,0.36,0.49
894,0.79,0.3,0.46
895,0.85,0.35,0.48
896,0.92,0.36,0.52
897,0.91,0.34,0.53
898,0.84,0.35,0.47
899,0.81,0.31,0.47
900,0.88,0.35,0.5
901,0.89,0.36,0.51
902,0.86,0.33,0.49
903,0.83,0.35,0.47
904,0.85,0.33,0.48
905,0.87,0.34,0.5
906,0.86,0.35,0.49
907,0.83,0.32,0.48
908,0.85,0.35,0.48
909,0.86,0.34,0.49
910,0.86,0.34,0.49
911,0.85,0.35,0.48
912,0.84,0.33,0.48
913,0.86,0.34,0.49
914,0.86,0.35,0.49
915,0.84,0.33,0.48
916,0.84,0.35,0.48
917,0.85,0.34,0.48
918,0.85,0.34,0.49
919,0.85,0.35,0.48
920,0.84,0.33,0.48
921,0.85,0.34,0.48
922,0.85,0.34,0.48
923,0.84,0.33,0.48
924,0.85,0.34,0.48
925,0.85,0.34,0.48
926,0.85,0.34,0.48
927,0.92,0.29,0.55
928,1.16,0.4,0.61
929,0.9,0.35,0.47
930,0.75,0.29,0.43
931,0.83,0.34,0.47
932,0.95,0.37,0.54
933,0.95,0.35,0.55
934,0.86,0.36,0.48
935,0.8,0.31,0.46
936,0.87,0.35,0.49
937,0.91,0.36,0.52
938,0.88,0.34,0.51
939,0.83,0.35,0.47
940,0.83,0.32,0.47
941,0.88,0.35,0.5
942,0.88,0.35,0.5
943,0.84,0.33,0.48
944,0.84,0.35,0.47
945,0.86,0.34,0.49
946,0.87,0.34,0.49
947,0.85,0.35,0.48
948,0.83,0.32,0.48
949,0.85,0.35,0.48
950,0.86,0.35,0.49
951,0.85,0.33,0.49
952,0.84,0.35,0.47
953,0.85,0.33,0.48
954,0.86,0.34,0.49
955,0.85,0.35,0.48
956,0.84,0.33,0.48
957,0.85,0.35,0.48
958,0.85,0.34,0.48
959,0.85,0.33,0.48
960,0.85,0.34,0.48
961,0.85,0.33,0.48
962,0.85,0.34,0.48
963,0.85,0.34,0.48
964,0.84,0.33,0.48
965,0.85,0.34,0.48
966,0.85,0.34,0.48
967,0.85,0.34,0.48
968,0.85,0.34,0.48
969,0.85,0.33,0.48
970,0.85,0.34,0.48
971,0.85,0.34,0.48
972,0.85,0.33,0.48
973,0.85,0.34,0.48
974,0.85,0.34,0.48
975,0.85,0.34,0.48
976,0.85,0.34,0.48
977,0.85,0.34,0.48
978,0.85,0.34,0.48
979,0.78,0.25,0.48
980,0.95,0.32,0.58
981,0.79,0.32,0.43
982,0.81,0.31,0.45
983,0.89,0.35,0.52
984,0.92,0.37,0.52
985,0.85,0.32,0.49
986,0.82,0.35,0.46
987,0.86,0.34,0.49
988,0.88,0.34,0.51
989,0.87,0.36,0.49
990,0.83,0.32,0.48
991,0.84,0.35,0.47
992,0.86,0.35,0.49
993,0.87,0.34,0.5
994,0.85,0.35,0.48
995,0.83,0.33,0.48
996,0.86,0.35,0.49
997,0.86,0.35,0.49
998,0.85,0.33,0.48
999,0.84,0.35,0.47
1000,0.85,0.34,0.48
1001,0.86,0.34,0.49
1002,0.85,0.35,0.48
1003,0.84,0.33,0.48
1004,0.85,0.35,0.48
1005,0.85,0.34,0.48
1006,0.85,0.33,0.48
1007,0.84,0.35,0.48
1008,0.85,0.34,0.48
1009,0.85,0.34,0.48
1010,0.85,0.35,0.48
1011,0.84,0.33,0.48
1012,0.85,0.34,0.48
1013,0.85,0.34,0.48
1014,0.85,0.34,0.48
1015,0.85,0.34,0.48
1016,0.85,0.34,0.48
1017,0.85,0.34,0.48
1018,0.91,0.29,0.6
1019,0.96,0.33,0.53
1020,0.8,0.34,0.44
1021,0.78,0.31,0.45
1022,0.91,0.36,0.52
1023,0.96,0.38,0.54
1024,0.87,0.33,0.5
1025,0.81,0.35,0.45
1026,0.84,0.33,0.48
1027,0.9,0.35,0.51
1028,0.89,0.36,0.5
1029,0.83,0.32,0.48
1030,0.83,0.35,0.47
1031,0.87,0.35,0.49
1032,0.88,0.34,0.5
1033,0.86,0.36,0.48
1034,0.83,0.32,0.47
1035,0.86,0.35,0.48
1036,0.87,0.35,0.49
1037,0.86,0.33,0.49
1038,0.84,0.35,0.47
1039,0.85,0.33,0.48
1040,0.86,0.34,0.49
1041,0.86,0.35,0.48
1042,0.84,0.33,0.48
1043,0.85,0.35,0.48
1044,0.85,0.34,0.48
1045,0.85,0.34,0.49
1046,0.85,0.35,0.47
1047,0.84,0.33,0.48
1048,0.85,0.34,0.48
1049,0.85,0.35,0.48
1050,0.84,0.33,0.48
1051,0.85,0.35,0.48
1052,0.85,0.34,0.48
1053,0.85,0.34,0.48
1054,0.85,0.34,0.48
1055,0.84,0.33,0.48
1056,0.85,0.34,0.48
1057,0.85,0.34,0.48
1058,0.85,0.33,0.48
1059,0.85,0.34,0.48
1060,0.85,0.34,0.48
1061,0.85,0.34,0.48
1062,0.85,0.34,0.48
1063,0.85,0.34,0.48
1064,0.85,0.34,0.48
1065,0.54,0.21,0.31
1066,0.88,0.33,0.49
1067,1.01,0.36,0.6
1068,0.89,0.36,0.5
1069,0.77,0.3,0.45
1070,0.85,0.34,0.48
1071,0.94,0.37,0.53
1072,0.92,0.34,0.53
1073,0.85,0.35,0.47
1074,0.8,0.31,0.46
1075,0.88,0.35,0.5
1076,0.9,0.36,0.51
1077,0.87,0.33,0.5
1078,0.83,0.35,0.47
1079,0.85,0.33,0.48
1080,0.88,0.34,0.5
1081,0.87,0.35,0.49
1082,0.84,0.32,0.48
1083,0.84,0.35,0.47
1084,0.86,0.34,0.49
1085,0.86,0.34,0.49
1086,0.85,0.35,0.48
1087,0.84,0.32,0.48
1088,0.86,0.34,0.48
1089,0.86,0.34,0.49
1090,0.85,0.33,0.48
1091,0.85,0.34,0.47
1092,0.85,0.33,0.48
1093,0.86,0.34,0.49
1094,0.85,0.34,0.48
1095,0.84,0.33,0.48
1096,0.85,0.34,0.48
1097,0.85,0.34,0.48
1098,0.85,0.33,0.48
1099,0.85,0.34,0.48
1100,0.85,0.33,0.48
1101,0.85,0.34,0.48
1102,0.85,0.34,0.48
1103,0.84,0.33,0.48
1104,0.85,0.34,0.48
1105,0.85,0.34,0.48
1106,0.85,0.33,0.48
1107,1.1,0.35,0.62
1108,1.05,0.39,0.58
1109,0.84,0.34,0.48
1110,0.8,0.31,0.46
1111,0.87,0.35,0.5
1112,0.89,0.36,0.51
1113,0.87,0.34,0.5
1114,0.83,0.35,0.47
1115,0.83,0.32,0.48
1116,0.87,0.35,0.5
1117,0.87,0.35,0.5
1118,0.84,0.33,0.49
1119,0.84,0.35,0.47
1120,0.85,0.34,0.49
1121,0.86,0.34,0.49
1122,0.85,0.35,0.48
1123,0.83,0.33,0.48
1124,0.85,0.35,0.48
1125,0.86,0.34,0.49
1126,0.85,0.33,0.49
1127,0.84,0.35,0.48
1128,0.84,0.33,0.48
1129,0.85,0.34,0.49
1130,0.85,0.35,0.48
1131,0.84,0.33,0.48
1132,0.54,0.22,0.35
1133,0.73,0.31,0.46
1134,0.92,0.36,0.51
1135,0.9,0.34,0.53
1136,0.86,0.36,0.5
1137,0.81,0.31,0.47
1138,0.87,0.35,0.49
1139,0.88,0.35,0.51
1140,0.87,0.33,0.5
1141,0.83,0.35,0.48
1142,0.84,0.33,0.49
1143,0.87,0.34,0.5
1144,0.86,0.35,0.49
1145,0.97,0.33,0.49
1146,0.95,0.34,0.62
1147,0.89,0.33,0.47
1148,0.8,0.33,0.47
1149,0.88,0.35,0.5
1150,0.88,0.34,0.5
1151,0.85,0.35,0.49
1152,0.83,0.32,0.48
1153,0.85,0.35,0.49
1154,0.87,0.35,0.5
1155,0.86,0.33,0.49
1156,0.84,0.35,0.48
1157,0.87,0.33,0.49
1158,0.86,0.34,0.5
1159,0.85,0.35,0.49
1160,0.84,0.32,0.48
1161,0.85,0.35,0.49
1162,0.86,0.34,0.49
1163,0.85,0.33,0.49
1164,0.84,0.35,0.48
1165,0.85,0.33,0.49
1166,0.85,0.34,0.49
1167,0.85,0.34,0.49
1168,0.84,0.33,0.48
1169,0.85,0.34,0.49
1170,1,0.34,0.6
1171,0.75,0.3,0.4
1172,0.85,0.35,0.5
1173,0.98,0.38,0.57
1174,0.95,0.34,0.54
1175,0.84,0.35,0.48
1176,0.79,0.3,0.46
1177,0.89,0.35,0.5
1178,0.91,0.36,0.53
1179,0.87,0.33,0.5
1180,0.82,0.35,0.46
1181,0.85,0.33,0.48
1182,0.88,0.34,0.51
1183,0.87,0.36,0.49
1184,0.83,0.32,0.48
1185,0.84,0.35,0.48
1186,0.87,0.35,0.5
1187,0.86,0.33,0.5
1188,0.84,0.35,0.48
1189,0.84,0.32,0.48
1190,0.86,0.34,0.49
1191,0.86,0.35,0.49
1192,0.84,0.32,0.48
1193,0.84,0.35,0.48
1194,0.85,0.34,0.49
1195,0.85,0.33,0.49
1196,0.84,0.35,0.48
1197,0.84,0.33,0.48
1198,0.85,0.34,0.49
1199,0.85,0.34,0.49
1200,0.84,0.33,0.48
1201,0.85,0.34,0.48
1202,0.85,0.34,0.49
1203,0.85,0.33,0.49
1204,0.85,0.34,0.48
1205,0.84,0.33,0.48
1206,0.85,0.34,0.49
1207,0.85,0.34,0.48
1208,0.84,0.33,0.48
1209,0.85,0.34,0.48
1210,0.85,0.34,0.48
1211,0.85,0.33,0.48
1212,0.84,0.34,0.48
1213,0.77,0.25,0.52
1214,0.71,0.25,0.44
1215,0.78,0.33,0.43
1216,0.83,0.32,0.48
1217,0.92,0.35,0.54
1218,0.92,0.36,0.52
1219,0.83,0.31,0.48
1220,0.82,0.34,0.47
1221,0.87,0.34,0.5
1222,0.9,0.34,0.52
1223,0.86,0.35,0.49
1224,0.82,0.31,0.48
1225,0.86,0.34,0.49
1226,0.88,0.34,0.5
1227,0.87,0.33,0.5
1228,0.84,0.34,0.48
1229,0.84,0.32,0.48
1230,0.86,0.34,0.5
1231,0.86,0.35,0.49
1232,0.84,0.32,0.49
1233,0.84,0.34,0.48
1234,0.85,0.33,0.49
1235,0.86,0.33,0.49
1236,0.85,0.34,0.48
1237,0.84,0.32,0.48
1238,0.85,0.34,0.49
1239,0.85,0.34,0.49
1240,0.84,0.33,0.49
1241,0.89,0.32,0.52
1242,0.73,0.29,0.46
1243,0.81,0.34,0.45
1244,0.9,0.35,0.51
1245,0.95,0.35,0.56
1246,0.88,0.36,0.49
1247,0.8,0.3,0.47
1248,0.85,0.35,0.48
1249,0.9,0.35,0.51
1250,0.89,0.34,0.52
1251,0.84,0.35,0.47
1252,0.82,0.31,0.47
1253,0.87,0.34,0.5
1254,0.88,0.35,0.5
1255,0.85,0.32,0.49
1256,0.84,0.34,0.47
1257,0.85,0.33,0.49
1258,0.87,0.34,0.5
1259,0.86,0.35,0.49
1260,0.83,0.32,0.48
1261,0.85,0.34,0.48
1262,0.86,0.34,0.49
1263,0.85,0.33,0.49
1264,0.84,0.34,0.48
1265,0.84,0.33,0.48
1266,0.86,0.34,0.49
1267,0.85,0.34,0.49
1268,0.84,0.33,0.48
1269,0.85,0.34,0.48
1270,0.85,0.34,0.49
1271,0.85,0.33,0.49
1272,0.85,0.34,0.48
1273,0.84,0.33,0.48
1274,0.85,0.34,0.49
1275,0.85,0.34,0.48
1276,0.84,0.33,0.48
1277,0.85,0.34,0.48
1278,0.85,0.34,0.49
1279,0.85,0.33,0.49
1280,0.85,0.34,0.48
1281,0.85,0.33,0.48
1282,0.85,0.34,0.48
1283,0.85,0.34,0.48
1284,0.89,0.29,0.5
1285,1.09,0.37,0.66
1286,1.05,0.39,0.58
1287,0.86,0.31,0.5
1288,0.79,0.34,0.44
1289,0.84,0.32,0.48
1290,0.92,0.35,0.54
1291,0.92,0.36,0.52
1292,0.83,0.31,0.48
1293,0.82,0.34,0.46
1294,0.87,0.34,0.5
1295,0.89,0.34,0.52
1296,0.87,0.35,0.49
1297,0.82,0.31,0.48
1298,0.86,0.34,0.48
1299,0.87,0.34,0.5
1300,0.87,0.33,0.5
1301,0.84,0.35,0.48
1302,0.84,0.32,0.48
1303,0.86,0.34,0.49
1304,0.87,0.34,0.49
1305,0.85,0.32,0.49
1306,0.85,0.34,0.48
1307,0.85,0.33,0.49
1308,0.86,0.33,0.49
1309,0.85,0.34,0.48
1310,0.84,0.32,0.48
1311,0.85,0.34,0.48
1312,0.86,0.34,0.49
1313,0.85,0.33,0.49
1314,0.85,0.34,0.48
1315,0.85,0.33,0.49
1316,0.85,0.33,0.49
1317,0.97,0.35,0.53
1318,0.81,0.31,0.45
1319,0.86,0.34,0.51
1320,0.96,0.37,0.55
1321,0.93,0.33,0.53
1322,0.84,0.35,0.47
1323,0.8,0.3,0.46
1324,0.88,0.35,0.5
1325,0.91,0.36,0.52
1326,0.87,0.33,0.5
1327,0.83,0.34,0.46
1328,0.81,0.27,0.48
1329,0.96,0.3,0.56
1330,0.8,0.35,0.45
1331,0.74,0.28,0.43
1332,0.94,0.35,0.54
1333,1.06,0.39,0.6
1334,0.92,0.32,0.53
1335,0.83,0.34,0.46
1336,0.79,0.3,0.45
1337,0.9,0.34,0.52
1338,0.94,0.36,0.53
1339,0.86,0.32,0.49
1340,0.82,0.34,0.46
1341,0.85,0.32,0.48
1342,0.89,0.34,0.51
1343,0.89,0.35,0.5
1344,0.83,0.31,0.48
1345,0.84,0.34,0.47
1346,0.87,0.33,0.49
1347,0.88,0.33,0.5
1348,0.86,0.34,0.48
1349,0.83,0.31,0.48
1350,0.86,0.34,0.48
1351,0.87,0.34,0.49
1352,0.86,0.32,0.49
1353,0.85,0.34,0.47
1354,0.85,0.32,0.48
1355,0.86,0.33,0.49
1356,0.86,0.34,0.48
1357,0.84,0.32,0.48
1358,0.85,0.34,0.48
1359,0.86,0.33,0.48
1360,0.85,0.33,0.48
1361,0.85,0.34,0.48
1362,0.85,0.32,0.48
1363,0.85,0.33,0.48
1364,0.85,0.34,0.48
1365,0.85,0.32,0.48
1366,0.85,0.34,0.48
1367,0.85,0.33,0.48
1368,0.84,0.35,0.46
1369,0.94,0.36,0.54
1370,0.96,0.35,0.55
1371,0.85,0.35,0.47
1372,0.79,0.3,0.46
1373,0.88,0.35,0.5
1374,0.91,0.36,0.52
1375,0.88,0.33,0.51
1376,0.83,0.34,0.47
1377,0.84,0.32,0.48
1378,0.88,0.34,0.5
1379,0.88,0.35,0.5
1380,0.85,0.32,0.49
1381,0.84,0.34,0.47
1382,0.86,0.33,0.49
1383,0.87,0.33,0.5
1384,0.86,0.34,0.48
1385,0.83,0.32,0.48
1386,0.86,0.34,0.48
1387,0.86,0.34,0.49
1388,0.85,0.33,0.49
1389,0.85,0.34,0.47
1390,0.85,0.33,0.48
1391,0.86,0.34,0.49
1392,0.86,0.34,0.48
1393,0.84,0.33,0.48
1394,0.85,0.34,0.48
1395,0.85,0.33,0.48
1396,0.85,0.33,0.48
1397,0.85,0.34,0.48
1398,0.85,0.33,0.48
1399,0.85,0.34,0.48
1400,0.85,0.34,0.48
1401,0.85,0.33,0.48
1402,0.85,0.34,0.48
1403,0.85,0.33,0.48
1404,0.85,0.33,0.48
1405,0.85,0.34,0.48
1406,0.85,0.33,0.48
1407,0.85,0.33,0.48
1408,0.85,0.34,0.48
1409,0.85,0.33,0.48
1410,0.85,0.34,0.48
1411,0.85,0.33,0.48
1412,0.85,0.33,0.48
1413,0.85,0.34,0.48
1414,0.85,0.33,0.48
1415,0.85,0.33,0.48
1416,0.85,0.34,0.48
1417,0.85,0.33,0.48
1418,0.85,0.34,0.48
1419,0.85,0.33,0.48
1420,0.85,0.33,0.48
1421,0.85,0.34,0.48
1422,0.85,0.33,0.48
1423,0.79,0.28,0.49
1424,1.05,0.31,0.59
1425,0.8,0.31,0.43
1426,0.73,0.28,0.42
1427,0.89,0.34,0.51
1428,1,0.37,0.57
1429,0.93,0.33,0.54
1430,0.84,0.34,0.47
1431,0.79,0.3,0.46
1432,0.89,0.34,0.5
1433,0.92,0.36,0.52
1434,0.88,0.32,0.51
1435,0.83,0.34,0.46
1436,0.84,0.32,0.48
1437,0.88,0.34,0.5
1438,0.88,0.35,0.5
1439,0.84,0.31,0.49
1440,0.84,0.34,0.47
1441,0.86,0.33,0.49
1442,0.87,0.33,0.5
1443,0.86,0.34,0.48
1444,0.83,0.31,0.48
1445,0.86,0.34,0.48
1446,0.86,0.34,0.49
1447,0.86,0.32,0.49
1448,0.85,0.34,0.48
1449,0.85,0.32,0.48
1450,0.86,0.33,0.49
1451,0.86,0.34,0.48
1452,0.85,0.32,0.48
1453,0.85,0.34,0.48
1454,0.85,0.33,0.49
1455,0.85,0.33,0.49
1456,0.85,0.33,0.48
1457,0.84,0.32,0.48
1458,0.7,0.31,0.37
1459,0.92,0.35,0.53
1460,1.04,0.36,0.6
1461,0.9,0.35,0.5
1462,0.79,0.29,0.46
1463,0.84,0.33,0.47
1464,0.92,0.35,0.52
1465,0.93,0.34,0.54
1466,0.86,0.35,0.48
1467,0.8,0.3,0.47
1468,0.87,0.34,0.49
1469,0.9,0.35,0.51
1470,0.88,0.33,0.51
1471,0.84,0.34,0.47
1472,0.84,0.31,0.48
1473,0.87,0.34,0.5
1474,0.88,0.34,0.49
1475,0.85,0.32,0.49
1476,0.84,0.34,0.47
1477,0.86,0.33,0.49
1478,0.87,0.33,0.5
1479,0.86,0.34,0.48
1480,0.84,0.32,0.48
1481,0.85,0.34,0.48
1482,0.86,0.33,0.49
1483,0.85,0.32,0.49
1484,0.85,0.34,0.48
1485,0.85,0.32,0.48
1486,0.86,0.33,0.49
1487,0.86,0.33,0.48
1488,0.85,0.32,0.48
1489,0.85,0.33,0.48
1490,0.85,0.33,0.49
1491,0.85,0.33,0.49
1492,0.85,0.33,0.48
1493,0.85,0.32,0.48
1494,0.85,0.33,0.48
1495,0.85,0.33,0.48
1496,0.85,0.32,0.48
1497,0.85,0.33,0.48
1498,0.85,0.33,0.48
1499,0.85,0.33,0.48
1500,0.85,0.33,0.48
1501,0.85,0.33,0.48
1502,0.85,0.33,0.48
1503,0.85,0.33,0.48
1504,0.85,0.33,0.48
1505,0.85,0.33,0.48
1506,0.85,0.33,0.48
1507,0.85,0.33,0.48
1508,0.85,0.33,0.48
1509,0.85,0.32,0.62
1510,0.77,0.24,0.45
1511,0.7,0.3,0.37
1512,0.81,0.31,0.47
1513,1.01,0.36,0.59
1514,0.99,0.36,0.55
1515,0.86,0.31,0.5
1516,0.81,0.33,0.45
1517,0.84,0.31,0.48
1518,0.92,0.34,0.53
1519,0.91,0.35,0.51
1520,0.85,0.31,0.49
1521,0.83,0.33,0.46
1522,0.87,0.33,0.49
1523,0.89,0.33,0.51
1524,0.87,0.34,0.49
1525,0.83,0.31,0.48
1526,0.86,0.33,0.48
1527,0.87,0.33,0.49
1528,0.87,0.32,0.5
1529,0.85,0.33,0.47
1530,0.84,0.31,0.48
1531,0.86,0.33,0.48
1532,0.87,0.33,0.49
1533,0.85,0.32,0.49
1534,0.85,0.33,0.47
1535,0.85,0.32,0.48
1536,0.86,0.33,0.49
1537,0.86,0.33,0.48
1538,0.85,0.32,0.48
1539,0.85,0.33,0.48
1540,0.86,0.33,0.48
1541,0.85,0.32,0.49
1542,0.85,0.33,0.48
1543,0.85,0.32,0.48
1544,0.86,0.33,0.48
1545,0.86,0.33,0.48
1546,0.85,0.32,0.48
1547,0.85,0.33,0.48
1548,0.85,0.32,0.48
1549,0.85,0.32,0.48
1550,0.85,0.33,0.48
1551,0.85,0.32,0.48
1552,0.86,0.33,0.48
1553,0.86,0.33,0.48
1554,0.85,0.32,0.48
1555,0.85,0.33,0.48
1556,0.85,0.32,0.48
1557,0.85,0.32,0.48
1558,0.85,0.33,0.48
1559,0.83,0.33,0.47
1560,1,0.43,0.58
1561,0.93,0.34,0.54
1562,0.81,0.31,0.47
1563,0.88,0.34,0.5
1564,0.85,0.32,0.51
1565,0.85,0.34,0.48
1566,0.84,0.31,0.49
1567,0.85,0.33,0.5
1568,0.86,0.33,0.49
1569,0.85,0.32,0.49
1570,0.84,0.33,0.49
1571,0.85,0.32,0.49
1572,0.85,0.32,0.5
1573,0.85,0.33,0.49
1574,0.84,0.32,0.49
1575,0.68,0.33,0.36
1576,0.89,0.35,0.53
1577,0.99,0.35,0.58
1578,0.87,0.35,0.49
1579,0.79,0.3,0.46
1580,0.86,0.34,0.49
1581,0.92,0.35,0.53
1582,0.9,0.33,0.53
1583,0.85,0.34,0.47
1584,0.81,0.31,0.48
1585,0.88,0.34,0.5
1586,0.89,0.34,0.51
1587,0.86,0.32,0.5
1588,0.83,0.34,0.47
1589,0.85,0.32,0.49
1590,0.87,0.33,0.5
1591,0.86,0.34,0.49
1592,0.84,0.31,0.49
1593,0.85,0.34,0.48
1594,0.86,0.33,0.49
1595,0.86,0.33,0.5
1596,0.85,0.34,0.48
1597,0.84,0.32,0.49
1598,0.86,0.33,0.49
1599,0.86,0.33,0.49
1600,0.85,0.32,0.49
1601,0.85,0.34,0.48
1602,0.85,0.33,0.49
1603,0.85,0.33,0.49
1604,0.85,0.34,0.48
1605,0.84,0.32,0.49
1606,0.85,0.33,0.49
1607,0.85,0.33,0.49
1608,0.85,0.32,0.49
1609,0.85,0.33,0.48
1610,0.85,0.33,0.49
1611,0.85,0.33,0.49
1612,0.85,0.33,0.48
1613,0.84,0.32,0.49
1614,0.85,0.33,0.49
1615,0.85,0.33,0.49
1616,0.85,0.33,0.49
1617,0.85,0.33,0.48
1618,0.85,0.33,0.49
1619,1.12,0.37,0.62
1620,0.81,0.31,0.47
1621,0.86,0.32,0.48
1622,0.95,0.36,0.53
1623,0.93,0.33,0.55
1624,0.85,0.34,0.47
1625,0.8,0.3,0.46
1626,0.88,0.34,0.5
1627,0.91,0.35,0.51
1628,0.87,0.32,0.5
1629,0.83,0.34,0.47
1630,0.84,0.32,0.48
1631,0.88,0.33,0.5
1632,0.88,0.34,0.49
1633,0.84,0.31,0.49
1634,0.84,0.34,0.47
1635,0.86,0.33,0.49
1636,0.87,0.33,0.5
1637,0.86,0.34,0.48
1638,0.84,0.32,0.48
1639,0.86,0.33,0.48
1640,0.86,0.33,0.49
1641,0.85,0.32,0.49
1642,0.85,0.34,0.48
1643,0.85,0.32,0.48
1644,0.86,0.33,0.49
1645,0.86,0.33,0.48
1646,0.85,0.32,0.48
1647,0.85,0.33,0.48
1648,0.85,0.33,0.48
1649,0.85,0.33,0.49
1650,0.85,0.33,0.48
1651,0.85,0.32,0.48
1652,0.85,0.33,0.48
1653,0.85,0.33,0.48
1654,0.85,0.32,0.48
1655,0.85,0.33,0.48
1656,0.85,0.33,0.48
1657,0.85,0.33,0.49
1658,0.85,0.33,0.48
1659,0.85,0.32,0.48
1660,0.85,0.33,0.48
1661,0.85,0.33,0.48
1662,0.85,0.32,0.48
1663,0.85,0.33,0.48
1664,0.85,0.33,0.48
1665,0.85,0.33,0.48
1666,0.85,0.33,0.48
1667,0.85,0.32,0.48
1668,0.85,0.33,0.48
1669,0.85,0.33,0.48
1670,0.85,0.32,0.48
1671,0.85,0.33,0.48
1672,0.85,0.33,0.48
1673,0.85,0.33,0.48
1674,0.85,0.33,0.48
1675,0.85,0.33,0.48
1676,0.91,0.32,0.51
1677,0.75,0.32,0.44
1678,0.88,0.34,0.49
1679,0.96,0.36,0.54
1680,0.97,0.34,0.57
1681,0.87,0.34,0.48
1682,0.79,0.29,0.46
1683,0.87,0.34,0.49
1684,0.92,0.35,0.52
1685,0.89,0.33,0.52
1686,0.84,0.34,0.47
1687,0.82,0.31,0.48
1688,0.88,0.33,0.5
1689,0.89,0.34,0.5
1690,0.86,0.32,0.5
1691,0.84,0.33,0.47
1692,0.85,0.32,0.49
1693,0.87,0.33,0.5
1694,0.87,0.34,0.49
1695,0.84,0.31,0.49
1696,0.85,0.33,0.48
1697,0.86,0.33,0.49
1698,0.86,0.32,0.49
1699,0.85,0.33,0.48
1700,0.84,0.32,0.49
1701,1.06,0.36,0.62
1702,0.67,0.29,0.4
1703,0.92,0.35,0.54
1704,1.12,0.4,0.63
1705,0.98,0.33,0.57
1706,0.86,0.34,0.47
1707,0.77,0.29,0.45
1708,0.88,0.33,0.53
1709,0.96,0.36,0.55
1710,0.91,0.32,0.53
1711,0.84,0.34,0.46
1712,0.81,0.3,0.47
1713,0.89,0.34,0.5
1714,0.9,0.35,0.51
1715,0.86,0.32,0.5
1716,0.83,0.33,0.46
1717,0.85,0.32,0.49
1718,0.88,0.33,0.5
1719,0.88,0.34,0.49
1720,0.84,0.31,0.49
1721,0.85,0.33,0.47
1722,0.86,0.33,0.49
1723,0.87,0.33,0.5
1724,0.86,0.33,0.48
1725,0.84,0.31,0.48
1726,0.86,0.33,0.48
1727,0.86,0.33,0.49
1728,0.85,0.32,0.49
1729,0.85,0.33,0.48
1730,0.85,0.32,0.48
1731,0.86,0.33,0.49
1732,0.86,0.33,0.48
1733,0.84,0.32,0.48
1734,0.85,0.33,0.48
1735,0.85,0.33,0.49
1736,0.85,0.32,0.49
1737,0.85,0.33,0.48
1738,0.85,0.32,0.48
1739,0.85,0.33,0.48
1740,0.86,0.33,0.48
1741,0.85,0.32,0.49
1742,0.85,0.33,0.48
1743,0.85,0.32,0.48
1744,0.85,0.33,0.48
1745,0.85,0.33,0.48
1746,0.85,0.32,0.48
1747,0.85,0.33,0.48
1748,0.85,0.33,0.48
1749,0.85,0.32,0.48
1750,0.85,0.33,0.48
1751,0.85,0.33,0.48
1752,0.85,0.32,0.48
1753,0.94,0.36,0.55
1754,1.09,0.4,0.6
1755,0.86,0.3,0.51
1756,0.81,0.33,0.45
1757,0.82,0.31,0.47
1758,0.9,0.34,0.52
1759,0.92,0.35,0.52
1760,0.85,0.31,0.5
1761,0.83,0.33,0.46
1762,0.86,0.32,0.49
1763,0.89,0.33,0.51
1764,0.88,0.34,0.49
1765,0.83,0.31,0.48
1766,0.85,0.33,0.47
1767,0.87,0.33,0.49
1768,0.87,0.33,0.5
1769,0.86,0.33,0.48
1770,0.83,0.31,0.48
1771,0.86,0.33,0.48
1772,0.87,0.33,0.49
1773,0.85,0.32,0.49
1774,0.74,0.32,0.41
1775,0.79,0.29,0.44
1776,0.93,0.34,0.53
1777,0.95,0.36,0.54
1778,0.85,0.31,0.49
1779,0.82,0.33,0.45
1780,0.86,0.32,0.49
1781,0.9,0.33,0.52
1782,0.89,0.35,0.5
1783,0.83,0.31,0.48
1784,0.84,0.33,0.47
1785,0.87,0.33,0.5
1786,0.88,0.33,0.51
1787,0.86,0.34,0.48
1788,0.83,0.31,0.48
1789,0.86,0.34,0.48
1790,0.87,0.33,0.49
1791,0.86,0.32,0.49
1792,0.85,0.33,0.47
1793,0.85,0.32,0.48
1794,0.86,0.33,0.49
1795,0.86,0.33,0.48
1796,0.85,0.32,0.49
1797,0.85,0.33,0.48
1798,0.85,0.33,0.49
1799,0.86,0.33,0.49
1800,0.85,0.33,0.48
1801,0.84,0.32,0.48
1802,0.85,0.33,0.48
1803,0.86,0.33,0.48
1804,0.85,0.32,0.49
1805,0.85,0.33,0.48
1806,0.85,0.32,0.49
1807,0.85,0.33,0.49
1808,0.85,0.33,0.48
1809,0.85,0.32,0.48
1810,0.85,0.33,0.48
1811,1.36,0.4,0.86
1812,0.93,0.33,0.57
1813,0.87,0.33,0.46
1814,0.78,0.28,0.46
1815,0.87,0.34,0.51
1816,0.93,0.35,0.53
1817,0.9,0.32,0.52
1818,0.84,0.34,0.48
1819,0.82,0.3,0.48
1820,0.88,0.33,0.5
1821,0.89,0.34,0.51
1822,0.87,0.31,0.49
1823,0.84,0.33,0.47
1824,0.85,0.32,0.5
1825,0.87,0.32,0.5
1826,0.87,0.34,0.49
1827,0.84,0.31,0.49
1828,0.85,0.33,0.48
1829,0.86,0.33,0.5
1830,0.86,0.32,0.5
1831,0.85,0.33,0.49
1832,0.84,0.31,0.49
